PWB00010000,10000
PWB00010001,10001
PWB00010002,10002
PWB00010003,10003
PWB00010004,10004
PWB00010005,10005
PWB00010006,10006
PWB00010007,10007
PWB00010008,10008
PWB00010009,10009
PWB00010010,10010
PWB00010011,10011
PWB00010012,10012
PWB00010013,10013
PWB00010014,10014
PWB00010015,10015
PWB00010016,10016
PWB00010017,10017
PWB00010018,10018
PWB00010019,10019
PWB00010020,10020
PWB00010021,10021
PWB00010022,10022
PWB00010023,10023
PWB00010024,10024
PWB00010025,10025
PWB00010026,10026
PWB00010027,10027
PWB00010028,10028
PWB00010029,10029
PWB00010030,10030
PWB00010031,10031
PWB00010032,10032
PWB00010033,10033
PWB00010034,10034
PWB00010035,10035
PWB00010036,10036
PWB00010037,10037
PWB00010038,10038
PWB00010039,10039
PWB00010040,10040
PWB00010041,10041
PWB00010042,10042
PWB00010043,10043
PWB00010044,10044
PWB00010045,10045
PWB00010046,10046
PWB00010047,10047
PWB00010048,10048
PWB00010049,10049
PWB00010050,10050
PWB00010051,10051
PWB00010052,10052
PWB00010053,10053
PWB00010054,10054
PWB00010055,10055
PWB00010056,10056
PWB00010057,10057
PWB00010058,10058
PWB00010059,10059
PWB00010060,10060
PWB00010061,10061
PWB00010062,10062
PWB00010063,10063
PWB00010064,10064
PWB00010065,10065
PWB00010066,10066
PWB00010067,10067
PWB00010068,10068
PWB00010069,10069
PWB00010070,10070
PWB00010071,10071
PWB00010072,10072
PWB00010073,10073
PWB00010074,10074
PWB00010075,10075
PWB00010076,10076
PWB00010077,10077
PWB00010078,10078
PWB00010079,10079
PWB00010080,10080
PWB00010081,10081
PWB00010082,10082
PWB00010083,10083
PWB00010084,10084
PWB00010085,10085
PWB00010086,10086
PWB00010087,10087
PWB00010088,10088
PWB00010089,10089
PWB00010090,10090
PWB00010091,10091
PWB00010092,10092
PWB00010093,10093
PWB00010094,10094
PWB00010095,10095
PWB00010096,10096
PWB00010097,10097
PWB00010098,10098
PWB00010099,10099
PWB00010100,10100
PWB00010101,10101
PWB00010102,10102
PWB00010103,10103
PWB00010104,10104
PWB00010105,10105
PWB00010106,10106
PWB00010107,10107
PWB00010108,10108
PWB00010109,10109
PWB00010110,10110
PWB00010111,10111
PWB00010112,10112
PWB00010113,10113
PWB00010114,10114
PWB00010115,10115
PWB00010116,10116
PWB00010117,10117
PWB00010118,10118
PWB00010119,10119
PWB00010120,10120
PWB00010121,10121
PWB00010122,10122
PWB00010123,10123
PWB00010124,10124
PWB00010125,10125
PWB00010126,10126
PWB00010127,10127
PWB00010128,10128
PWB00010129,10129
PWB00010130,10130
PWB00010131,10131
PWB00010132,10132
PWB00010133,10133
PWB00010134,10134
PWB00010135,10135
PWB00010136,10136
PWB00010137,10137
PWB00010138,10138
PWB00010139,10139
PWB00010140,10140
PWB00010141,10141
PWB00010142,10142
PWB00010143,10143
PWB00010144,10144
PWB00010145,10145
PWB00010146,10146
PWB00010147,10147
PWB00010148,10148
PWB00010149,10149
PWB00010150,10150
PWB00010151,10151
PWB00010152,10152
PWB00010153,10153
PWB00010154,10154
PWB00010155,10155
PWB00010156,10156
PWB00010157,10157
PWB00010158,10158
PWB00010159,10159
PWB00010160,10160
PWB00010161,10161
PWB00010162,10162
PWB00010163,10163
PWB00010164,10164
PWB00010165,10165
PWB00010166,10166
PWB00010167,10167
PWB00010168,10168
PWB00010169,10169
PWB00010170,10170
PWB00010171,10171
PWB00010172,10172
PWB00010173,10173
PWB00010174,10174
PWB00010175,10175
PWB00010176,10176
PWB00010177,10177
PWB00010178,10178
PWB00010179,10179
PWB00010180,10180
PWB00010181,10181
PWB00010182,10182
PWB00010183,10183
PWB00010184,10184
PWB00010185,10185
PWB00010186,10186
PWB00010187,10187
PWB00010188,10188
PWB00010189,10189
PWB00010190,10190
PWB00010191,10191
PWB00010192,10192
PWB00010193,10193
PWB00010194,10194
PWB00010195,10195
PWB00010196,10196
PWB00010197,10197
PWB00010198,10198
PWB00010199,10199
PWB00010200,10200
PWB00010201,10201
PWB00010202,10202
PWB00010203,10203
PWB00010204,10204
PWB00010205,10205
PWB00010206,10206
PWB00010207,10207
PWB00010208,10208
PWB00010209,10209
PWB00010210,10210
PWB00010211,10211
PWB00010212,10212
PWB00010213,10213
PWB00010214,10214
PWB00010215,10215
PWB00010216,10216
PWB00010217,10217
PWB00010218,10218
PWB00010219,10219
PWB00010220,10220
PWB00010221,10221
PWB00010222,10222
PWB00010223,10223
PWB00010224,10224
PWB00010225,10225
PWB00010226,10226
PWB00010227,10227
PWB00010228,10228
PWB00010229,10229
PWB00010230,10230
PWB00010231,10231
PWB00010232,10232
PWB00010233,10233
PWB00010234,10234
PWB00010235,10235
PWB00010236,10236
PWB00010237,10237
PWB00010238,10238
PWB00010239,10239
PWB00010240,10240
PWB00010241,10241
PWB00010242,10242
PWB00010243,10243
PWB00010244,10244
PWB00010245,10245
PWB00010246,10246
PWB00010247,10247
PWB00010248,10248
PWB00010249,10249
PWB00010250,10250
PWB00010251,10251
PWB00010252,10252
PWB00010253,10253
PWB00010254,10254
PWB00010255,10255
PWB00010256,10256
PWB00010257,10257
PWB00010258,10258
PWB00010259,10259
PWB00010260,10260
PWB00010261,10261
PWB00010262,10262
PWB00010263,10263
PWB00010264,10264
PWB00010265,10265
PWB00010266,10266
PWB00010267,10267
PWB00010268,10268
PWB00010269,10269
PWB00010270,10270
PWB00010271,10271
PWB00010272,10272
PWB00010273,10273
PWB00010274,10274
PWB00010275,10275
PWB00010276,10276
PWB00010277,10277
PWB00010278,10278
PWB00010279,10279
PWB00010280,10280
PWB00010281,10281
PWB00010282,10282
PWB00010283,10283
PWB00010284,10284
PWB00010285,10285
PWB00010286,10286
PWB00010287,10287
PWB00010288,10288
PWB00010289,10289
PWB00010290,10290
PWB00010291,10291
PWB00010292,10292
PWB00010293,10293
PWB00010294,10294
PWB00010295,10295
PWB00010296,10296
PWB00010297,10297
PWB00010298,10298
PWB00010299,10299
PWB00010300,10300
PWB00010301,10301
PWB00010302,10302
PWB00010303,10303
PWB00010304,10304
PWB00010305,10305
PWB00010306,10306
PWB00010307,10307
PWB00010308,10308
PWB00010309,10309
PWB00010310,10310
PWB00010311,10311
PWB00010312,10312
PWB00010313,10313
PWB00010314,10314
PWB00010315,10315
PWB00010316,10316
PWB00010317,10317
PWB00010318,10318
PWB00010319,10319
PWB00010320,10320
PWB00010321,10321
PWB00010322,10322
PWB00010323,10323
PWB00010324,10324
PWB00010325,10325
PWB00010326,10326
PWB00010327,10327
PWB00010328,10328
PWB00010329,10329
PWB00010330,10330
PWB00010331,10331
PWB00010332,10332
PWB00010333,10333
PWB00010334,10334
PWB00010335,10335
PWB00010336,10336
PWB00010337,10337
PWB00010338,10338
PWB00010339,10339
PWB00010340,10340
PWB00010341,10341
PWB00010342,10342
PWB00010343,10343
PWB00010344,10344
PWB00010345,10345
PWB00010346,10346
PWB00010347,10347
PWB00010348,10348
PWB00010349,10349
PWB00010350,10350
PWB00010351,10351
PWB00010352,10352
PWB00010353,10353
PWB00010354,10354
PWB00010355,10355
PWB00010356,10356
PWB00010357,10357
PWB00010358,10358
PWB00010359,10359
PWB00010360,10360
PWB00010361,10361
PWB00010362,10362
PWB00010363,10363
PWB00010364,10364
PWB00010365,10365
PWB00010366,10366
PWB00010367,10367
PWB00010368,10368
PWB00010369,10369
PWB00010370,10370
PWB00010371,10371
PWB00010372,10372
PWB00010373,10373
PWB00010374,10374
PWB00010375,10375
PWB00010376,10376
PWB00010377,10377
PWB00010378,10378
PWB00010379,10379
PWB00010380,10380
PWB00010381,10381
PWB00010382,10382
PWB00010383,10383
PWB00010384,10384
PWB00010385,10385
PWB00010386,10386
PWB00010387,10387
PWB00010388,10388
PWB00010389,10389
PWB00010390,10390
PWB00010391,10391
PWB00010392,10392
PWB00010393,10393
PWB00010394,10394
PWB00010395,10395
PWB00010396,10396
PWB00010397,10397
PWB00010398,10398
PWB00010399,10399
PWB00010400,10400
PWB00010401,10401
PWB00010402,10402
PWB00010403,10403
PWB00010404,10404
PWB00010405,10405
PWB00010406,10406
PWB00010407,10407
PWB00010408,10408
PWB00010409,10409
PWB00010410,10410
PWB00010411,10411
PWB00010412,10412
PWB00010413,10413
PWB00010414,10414
PWB00010415,10415
PWB00010416,10416
PWB00010417,10417
PWB00010418,10418
PWB00010419,10419
PWB00010420,10420
PWB00010421,10421
PWB00010422,10422
PWB00010423,10423
PWB00010424,10424
PWB00010425,10425
PWB00010426,10426
PWB00010427,10427
PWB00010428,10428
PWB00010429,10429
PWB00010430,10430
PWB00010431,10431
PWB00010432,10432
PWB00010433,10433
PWB00010434,10434
PWB00010435,10435
PWB00010436,10436
PWB00010437,10437
PWB00010438,10438
PWB00010439,10439
PWB00010440,10440
PWB00010441,10441
PWB00010442,10442
PWB00010443,10443
PWB00010444,10444
PWB00010445,10445
PWB00010446,10446
PWB00010447,10447
PWB00010448,10448
PWB00010449,10449
PWB00010450,10450
PWB00010451,10451
PWB00010452,10452
PWB00010453,10453
PWB00010454,10454
PWB00010455,10455
PWB00010456,10456
PWB00010457,10457
PWB00010458,10458
PWB00010459,10459
PWB00010460,10460
PWB00010461,10461
PWB00010462,10462
PWB00010463,10463
PWB00010464,10464
PWB00010465,10465
PWB00010466,10466
PWB00010467,10467
PWB00010468,10468
PWB00010469,10469
PWB00010470,10470
PWB00010471,10471
PWB00010472,10472
PWB00010473,10473
PWB00010474,10474
PWB00010475,10475
PWB00010476,10476
PWB00010477,10477
PWB00010478,10478
PWB00010479,10479
PWB00010480,10480
PWB00010481,10481
PWB00010482,10482
PWB00010483,10483
PWB00010484,10484
PWB00010485,10485
PWB00010486,10486
PWB00010487,10487
PWB00010488,10488
PWB00010489,10489
PWB00010490,10490
PWB00010491,10491
PWB00010492,10492
PWB00010493,10493
PWB00010494,10494
PWB00010495,10495
PWB00010496,10496
PWB00010497,10497
PWB00010498,10498
PWB00010499,10499
PWB00010500,10500
PWB00010501,10501
PWB00010502,10502
PWB00010503,10503
PWB00010504,10504
PWB00010505,10505
PWB00010506,10506
PWB00010507,10507
PWB00010508,10508
PWB00010509,10509
PWB00010510,10510
PWB00010511,10511
PWB00010512,10512
PWB00010513,10513
PWB00010514,10514
PWB00010515,10515
PWB00010516,10516
PWB00010517,10517
PWB00010518,10518
PWB00010519,10519
PWB00010520,10520
PWB00010521,10521
PWB00010522,10522
PWB00010523,10523
PWB00010524,10524
PWB00010525,10525
PWB00010526,10526
PWB00010527,10527
PWB00010528,10528
PWB00010529,10529
PWB00010530,10530
PWB00010531,10531
PWB00010532,10532
PWB00010533,10533
PWB00010534,10534
PWB00010535,10535
PWB00010536,10536
PWB00010537,10537
PWB00010538,10538
PWB00010539,10539
PWB00010540,10540
PWB00010541,10541
PWB00010542,10542
PWB00010543,10543
PWB00010544,10544
PWB00010545,10545
PWB00010546,10546
PWB00010547,10547
PWB00010548,10548
PWB00010549,10549
PWB00010550,10550
PWB00010551,10551
PWB00010552,10552
PWB00010553,10553
PWB00010554,10554
PWB00010555,10555
PWB00010556,10556
PWB00010557,10557
PWB00010558,10558
PWB00010559,10559
PWB00010560,10560
PWB00010561,10561
PWB00010562,10562
PWB00010563,10563
PWB00010564,10564
PWB00010565,10565
PWB00010566,10566
PWB00010567,10567
PWB00010568,10568
PWB00010569,10569
PWB00010570,10570
PWB00010571,10571
PWB00010572,10572
PWB00010573,10573
PWB00010574,10574
PWB00010575,10575
PWB00010576,10576
PWB00010577,10577
PWB00010578,10578
PWB00010579,10579
PWB00010580,10580
PWB00010581,10581
PWB00010582,10582
PWB00010583,10583
PWB00010584,10584
PWB00010585,10585
PWB00010586,10586
PWB00010587,10587
PWB00010588,10588
PWB00010589,10589
PWB00010590,10590
PWB00010591,10591
PWB00010592,10592
PWB00010593,10593
PWB00010594,10594
PWB00010595,10595
PWB00010596,10596
PWB00010597,10597
PWB00010598,10598
PWB00010599,10599
PWB00010600,10600
PWB00010601,10601
PWB00010602,10602
PWB00010603,10603
PWB00010604,10604
PWB00010605,10605
PWB00010606,10606
PWB00010607,10607
PWB00010608,10608
PWB00010609,10609
PWB00010610,10610
PWB00010611,10611
PWB00010612,10612
PWB00010613,10613
PWB00010614,10614
PWB00010615,10615
PWB00010616,10616
PWB00010617,10617
PWB00010618,10618
PWB00010619,10619
PWB00010620,10620
PWB00010621,10621
PWB00010622,10622
PWB00010623,10623
PWB00010624,10624
PWB00010625,10625
PWB00010626,10626
PWB00010627,10627
PWB00010628,10628
PWB00010629,10629
PWB00010630,10630
PWB00010631,10631
PWB00010632,10632
PWB00010633,10633
PWB00010634,10634
PWB00010635,10635
PWB00010636,10636
PWB00010637,10637
PWB00010638,10638
PWB00010639,10639
PWB00010640,10640
PWB00010641,10641
PWB00010642,10642
PWB00010643,10643
PWB00010644,10644
PWB00010645,10645
PWB00010646,10646
PWB00010647,10647
PWB00010648,10648
PWB00010649,10649
PWB00010650,10650
PWB00010651,10651
PWB00010652,10652
PWB00010653,10653
PWB00010654,10654
PWB00010655,10655
PWB00010656,10656
PWB00010657,10657
PWB00010658,10658
PWB00010659,10659
PWB00010660,10660
PWB00010661,10661
PWB00010662,10662
PWB00010663,10663
PWB00010664,10664
PWB00010665,10665
PWB00010666,10666
PWB00010667,10667
PWB00010668,10668
PWB00010669,10669
PWB00010670,10670
PWB00010671,10671
PWB00010672,10672
PWB00010673,10673
PWB00010674,10674
PWB00010675,10675
PWB00010676,10676
PWB00010677,10677
PWB00010678,10678
PWB00010679,10679
PWB00010680,10680
PWB00010681,10681
PWB00010682,10682
PWB00010683,10683
PWB00010684,10684
PWB00010685,10685
PWB00010686,10686
PWB00010687,10687
PWB00010688,10688
PWB00010689,10689
PWB00010690,10690
PWB00010691,10691
PWB00010692,10692
PWB00010693,10693
PWB00010694,10694
PWB00010695,10695
PWB00010696,10696
PWB00010697,10697
PWB00010698,10698
PWB00010699,10699
PWB00010700,10700
PWB00010701,10701
PWB00010702,10702
PWB00010703,10703
PWB00010704,10704
PWB00010705,10705
PWB00010706,10706
PWB00010707,10707
PWB00010708,10708
PWB00010709,10709
PWB00010710,10710
PWB00010711,10711
PWB00010712,10712
PWB00010713,10713
PWB00010714,10714
PWB00010715,10715
PWB00010716,10716
PWB00010717,10717
PWB00010718,10718
PWB00010719,10719
PWB00010720,10720
PWB00010721,10721
PWB00010722,10722
PWB00010723,10723
PWB00010724,10724
PWB00010725,10725
PWB00010726,10726
PWB00010727,10727
PWB00010728,10728
PWB00010729,10729
PWB00010730,10730
PWB00010731,10731
PWB00010732,10732
PWB00010733,10733
PWB00010734,10734
PWB00010735,10735
PWB00010736,10736
PWB00010737,10737
PWB00010738,10738
PWB00010739,10739
PWB00010740,10740
PWB00010741,10741
PWB00010742,10742
PWB00010743,10743
PWB00010744,10744
PWB00010745,10745
PWB00010746,10746
PWB00010747,10747
PWB00010748,10748
PWB00010749,10749
PWB00010750,10750
PWB00010751,10751
PWB00010752,10752
PWB00010753,10753
PWB00010754,10754
PWB00010755,10755
PWB00010756,10756
PWB00010757,10757
PWB00010758,10758
PWB00010759,10759
PWB00010760,10760
PWB00010761,10761
PWB00010762,10762
PWB00010763,10763
PWB00010764,10764
PWB00010765,10765
PWB00010766,10766
PWB00010767,10767
PWB00010768,10768
PWB00010769,10769
PWB00010770,10770
PWB00010771,10771
PWB00010772,10772
PWB00010773,10773
PWB00010774,10774
PWB00010775,10775
PWB00010776,10776
PWB00010777,10777
PWB00010778,10778
PWB00010779,10779
PWB00010780,10780
PWB00010781,10781
PWB00010782,10782
PWB00010783,10783
PWB00010784,10784
PWB00010785,10785
PWB00010786,10786
PWB00010787,10787
PWB00010788,10788
PWB00010789,10789
PWB00010790,10790
PWB00010791,10791
PWB00010792,10792
PWB00010793,10793
PWB00010794,10794
PWB00010795,10795
PWB00010796,10796
PWB00010797,10797
PWB00010798,10798
PWB00010799,10799
PWB00010800,10800
PWB00010801,10801
PWB00010802,10802
PWB00010803,10803
PWB00010804,10804
PWB00010805,10805
PWB00010806,10806
PWB00010807,10807
PWB00010808,10808
PWB00010809,10809
PWB00010810,10810
PWB00010811,10811
PWB00010812,10812
PWB00010813,10813
PWB00010814,10814
PWB00010815,10815
PWB00010816,10816
PWB00010817,10817
PWB00010818,10818
PWB00010819,10819
PWB00010820,10820
PWB00010821,10821
PWB00010822,10822
PWB00010823,10823
PWB00010824,10824
PWB00010825,10825
PWB00010826,10826
PWB00010827,10827
PWB00010828,10828
PWB00010829,10829
PWB00010830,10830
PWB00010831,10831
PWB00010832,10832
PWB00010833,10833
PWB00010834,10834
PWB00010835,10835
PWB00010836,10836
PWB00010837,10837
PWB00010838,10838
PWB00010839,10839
PWB00010840,10840
PWB00010841,10841
PWB00010842,10842
PWB00010843,10843
PWB00010844,10844
PWB00010845,10845
PWB00010846,10846
PWB00010847,10847
PWB00010848,10848
PWB00010849,10849
PWB00010850,10850
PWB00010851,10851
PWB00010852,10852
PWB00010853,10853
PWB00010854,10854
PWB00010855,10855
PWB00010856,10856
PWB00010857,10857
PWB00010858,10858
PWB00010859,10859
PWB00010860,10860
PWB00010861,10861
PWB00010862,10862
PWB00010863,10863
PWB00010864,10864
PWB00010865,10865
PWB00010866,10866
PWB00010867,10867
PWB00010868,10868
PWB00010869,10869
PWB00010870,10870
PWB00010871,10871
PWB00010872,10872
PWB00010873,10873
PWB00010874,10874
PWB00010875,10875
PWB00010876,10876
PWB00010877,10877
PWB00010878,10878
PWB00010879,10879
PWB00010880,10880
PWB00010881,10881
PWB00010882,10882
PWB00010883,10883
PWB00010884,10884
PWB00010885,10885
PWB00010886,10886
PWB00010887,10887
PWB00010888,10888
PWB00010889,10889
PWB00010890,10890
PWB00010891,10891
PWB00010892,10892
PWB00010893,10893
PWB00010894,10894
PWB00010895,10895
PWB00010896,10896
PWB00010897,10897
PWB00010898,10898
PWB00010899,10899
PWB00010900,10900
PWB00010901,10901
PWB00010902,10902
PWB00010903,10903
PWB00010904,10904
PWB00010905,10905
PWB00010906,10906
PWB00010907,10907
PWB00010908,10908
PWB00010909,10909
PWB00010910,10910
PWB00010911,10911
PWB00010912,10912
PWB00010913,10913
PWB00010914,10914
PWB00010915,10915
PWB00010916,10916
PWB00010917,10917
PWB00010918,10918
PWB00010919,10919
PWB00010920,10920
PWB00010921,10921
PWB00010922,10922
PWB00010923,10923
PWB00010924,10924
PWB00010925,10925
PWB00010926,10926
PWB00010927,10927
PWB00010928,10928
PWB00010929,10929
PWB00010930,10930
PWB00010931,10931
PWB00010932,10932
PWB00010933,10933
PWB00010934,10934
PWB00010935,10935
PWB00010936,10936
PWB00010937,10937
PWB00010938,10938
PWB00010939,10939
PWB00010940,10940
PWB00010941,10941
PWB00010942,10942
PWB00010943,10943
PWB00010944,10944
PWB00010945,10945
PWB00010946,10946
PWB00010947,10947
PWB00010948,10948
PWB00010949,10949
PWB00010950,10950
PWB00010951,10951
PWB00010952,10952
PWB00010953,10953
PWB00010954,10954
PWB00010955,10955
PWB00010956,10956
PWB00010957,10957
PWB00010958,10958
PWB00010959,10959
PWB00010960,10960
PWB00010961,10961
PWB00010962,10962
PWB00010963,10963
PWB00010964,10964
PWB00010965,10965
PWB00010966,10966
PWB00010967,10967
PWB00010968,10968
PWB00010969,10969
PWB00010970,10970
PWB00010971,10971
PWB00010972,10972
PWB00010973,10973
PWB00010974,10974
PWB00010975,10975
PWB00010976,10976
PWB00010977,10977
PWB00010978,10978
PWB00010979,10979
PWB00010980,10980
PWB00010981,10981
PWB00010982,10982
PWB00010983,10983
PWB00010984,10984
PWB00010985,10985
PWB00010986,10986
PWB00010987,10987
PWB00010988,10988
PWB00010989,10989
PWB00010990,10990
PWB00010991,10991
PWB00010992,10992
PWB00010993,10993
PWB00010994,10994
PWB00010995,10995
PWB00010996,10996
PWB00010997,10997
PWB00010998,10998
PWB00010999,10999
PWB00011000,11000
PWB00011001,11001
PWB00011002,11002
PWB00011003,11003
PWB00011004,11004
PWB00011005,11005
PWB00011006,11006
PWB00011007,11007
PWB00011008,11008
PWB00011009,11009
PWB00011010,11010
PWB00011011,11011
PWB00011012,11012
PWB00011013,11013
PWB00011014,11014
PWB00011015,11015
PWB00011016,11016
PWB00011017,11017
PWB00011018,11018
PWB00011019,11019
PWB00011020,11020
PWB00011021,11021
PWB00011022,11022
PWB00011023,11023
PWB00011024,11024
PWB00011025,11025
PWB00011026,11026
PWB00011027,11027
PWB00011028,11028
PWB00011029,11029
PWB00011030,11030
PWB00011031,11031
PWB00011032,11032
PWB00011033,11033
PWB00011034,11034
PWB00011035,11035
PWB00011036,11036
PWB00011037,11037
PWB00011038,11038
PWB00011039,11039
PWB00011040,11040
PWB00011041,11041
PWB00011042,11042
PWB00011043,11043
PWB00011044,11044
PWB00011045,11045
PWB00011046,11046
PWB00011047,11047
PWB00011048,11048
PWB00011049,11049
PWB00011050,11050
PWB00011051,11051
PWB00011052,11052
PWB00011053,11053
PWB00011054,11054
PWB00011055,11055
PWB00011056,11056
PWB00011057,11057
PWB00011058,11058
PWB00011059,11059
PWB00011060,11060
PWB00011061,11061
PWB00011062,11062
PWB00011063,11063
PWB00011064,11064
PWB00011065,11065
PWB00011066,11066
PWB00011067,11067
PWB00011068,11068
PWB00011069,11069
PWB00011070,11070
PWB00011071,11071
PWB00011072,11072
PWB00011073,11073
PWB00011074,11074
PWB00011075,11075
PWB00011076,11076
PWB00011077,11077
PWB00011078,11078
PWB00011079,11079
PWB00011080,11080
PWB00011081,11081
PWB00011082,11082
PWB00011083,11083
PWB00011084,11084
PWB00011085,11085
PWB00011086,11086
PWB00011087,11087
PWB00011088,11088
PWB00011089,11089
PWB00011090,11090
PWB00011091,11091
PWB00011092,11092
PWB00011093,11093
PWB00011094,11094
PWB00011095,11095
PWB00011096,11096
PWB00011097,11097
PWB00011098,11098
PWB00011099,11099
PWB00011100,11100
PWB00011101,11101
PWB00011102,11102
PWB00011103,11103
PWB00011104,11104
PWB00011105,11105
PWB00011106,11106
PWB00011107,11107
PWB00011108,11108
PWB00011109,11109
PWB00011110,11110
PWB00011111,11111
PWB00011112,11112
PWB00011113,11113
PWB00011114,11114
PWB00011115,11115
PWB00011116,11116
PWB00011117,11117
PWB00011118,11118
PWB00011119,11119
PWB00011120,11120
PWB00011121,11121
PWB00011122,11122
PWB00011123,11123
PWB00011124,11124
PWB00011125,11125
PWB00011126,11126
PWB00011127,11127
PWB00011128,11128
PWB00011129,11129
PWB00011130,11130
PWB00011131,11131
PWB00011132,11132
PWB00011133,11133
PWB00011134,11134
PWB00011135,11135
PWB00011136,11136
PWB00011137,11137
PWB00011138,11138
PWB00011139,11139
PWB00011140,11140
PWB00011141,11141
PWB00011142,11142
PWB00011143,11143
PWB00011144,11144
PWB00011145,11145
PWB00011146,11146
PWB00011147,11147
PWB00011148,11148
PWB00011149,11149
PWB00011150,11150
PWB00011151,11151
PWB00011152,11152
PWB00011153,11153
PWB00011154,11154
PWB00011155,11155
PWB00011156,11156
PWB00011157,11157
PWB00011158,11158
PWB00011159,11159
PWB00011160,11160
PWB00011161,11161
PWB00011162,11162
PWB00011163,11163
PWB00011164,11164
PWB00011165,11165
PWB00011166,11166
PWB00011167,11167
PWB00011168,11168
PWB00011169,11169
PWB00011170,11170
PWB00011171,11171
PWB00011172,11172
PWB00011173,11173
PWB00011174,11174
PWB00011175,11175
PWB00011176,11176
PWB00011177,11177
PWB00011178,11178
PWB00011179,11179
PWB00011180,11180
PWB00011181,11181
PWB00011182,11182
PWB00011183,11183
PWB00011184,11184
PWB00011185,11185
PWB00011186,11186
PWB00011187,11187
PWB00011188,11188
PWB00011189,11189
PWB00011190,11190
PWB00011191,11191
PWB00011192,11192
PWB00011193,11193
PWB00011194,11194
PWB00011195,11195
PWB00011196,11196
PWB00011197,11197
PWB00011198,11198
PWB00011199,11199
PWB00011200,11200
PWB00011201,11201
PWB00011202,11202
PWB00011203,11203
PWB00011204,11204
PWB00011205,11205
PWB00011206,11206
PWB00011207,11207
PWB00011208,11208
PWB00011209,11209
PWB00011210,11210
PWB00011211,11211
PWB00011212,11212
PWB00011213,11213
PWB00011214,11214
PWB00011215,11215
PWB00011216,11216
PWB00011217,11217
PWB00011218,11218
PWB00011219,11219
PWB00011220,11220
PWB00011221,11221
PWB00011222,11222
PWB00011223,11223
PWB00011224,11224
PWB00011225,11225
PWB00011226,11226
PWB00011227,11227
PWB00011228,11228
PWB00011229,11229
PWB00011230,11230
PWB00011231,11231
PWB00011232,11232
PWB00011233,11233
PWB00011234,11234
PWB00011235,11235
PWB00011236,11236
PWB00011237,11237
PWB00011238,11238
PWB00011239,11239
PWB00011240,11240
PWB00011241,11241
PWB00011242,11242
PWB00011243,11243
PWB00011244,11244
PWB00011245,11245
PWB00011246,11246
PWB00011247,11247
PWB00011248,11248
PWB00011249,11249
PWB00011250,11250
PWB00011251,11251
PWB00011252,11252
PWB00011253,11253
PWB00011254,11254
PWB00011255,11255
PWB00011256,11256
PWB00011257,11257
PWB00011258,11258
PWB00011259,11259
PWB00011260,11260
PWB00011261,11261
PWB00011262,11262
PWB00011263,11263
PWB00011264,11264
PWB00011265,11265
PWB00011266,11266
PWB00011267,11267
PWB00011268,11268
PWB00011269,11269
PWB00011270,11270
PWB00011271,11271
PWB00011272,11272
PWB00011273,11273
PWB00011274,11274
PWB00011275,11275
PWB00011276,11276
PWB00011277,11277
PWB00011278,11278
PWB00011279,11279
PWB00011280,11280
PWB00011281,11281
PWB00011282,11282
PWB00011283,11283
PWB00011284,11284
PWB00011285,11285
PWB00011286,11286
PWB00011287,11287
PWB00011288,11288
PWB00011289,11289
PWB00011290,11290
PWB00011291,11291
PWB00011292,11292
PWB00011293,11293
PWB00011294,11294
PWB00011295,11295
PWB00011296,11296
PWB00011297,11297
PWB00011298,11298
PWB00011299,11299
PWB00011300,11300
PWB00011301,11301
PWB00011302,11302
PWB00011303,11303
PWB00011304,11304
PWB00011305,11305
PWB00011306,11306
PWB00011307,11307
PWB00011308,11308
PWB00011309,11309
PWB00011310,11310
PWB00011311,11311
PWB00011312,11312
PWB00011313,11313
PWB00011314,11314
PWB00011315,11315
PWB00011316,11316
PWB00011317,11317
PWB00011318,11318
PWB00011319,11319
PWB00011320,11320
PWB00011321,11321
PWB00011322,11322
PWB00011323,11323
PWB00011324,11324
PWB00011325,11325
PWB00011326,11326
PWB00011327,11327
PWB00011328,11328
PWB00011329,11329
PWB00011330,11330
PWB00011331,11331
PWB00011332,11332
PWB00011333,11333
PWB00011334,11334
PWB00011335,11335
PWB00011336,11336
PWB00011337,11337
PWB00011338,11338
PWB00011339,11339
PWB00011340,11340
PWB00011341,11341
PWB00011342,11342
PWB00011343,11343
PWB00011344,11344
PWB00011345,11345
PWB00011346,11346
PWB00011347,11347
PWB00011348,11348
PWB00011349,11349
PWB00011350,11350
PWB00011351,11351
PWB00011352,11352
PWB00011353,11353
PWB00011354,11354
PWB00011355,11355
PWB00011356,11356
PWB00011357,11357
PWB00011358,11358
PWB00011359,11359
PWB00011360,11360
PWB00011361,11361
PWB00011362,11362
PWB00011363,11363
PWB00011364,11364
PWB00011365,11365
PWB00011366,11366
PWB00011367,11367
PWB00011368,11368
PWB00011369,11369
PWB00011370,11370
PWB00011371,11371
PWB00011372,11372
PWB00011373,11373
PWB00011374,11374
PWB00011375,11375
PWB00011376,11376
PWB00011377,11377
PWB00011378,11378
PWB00011379,11379
PWB00011380,11380
PWB00011381,11381
PWB00011382,11382
PWB00011383,11383
PWB00011384,11384
PWB00011385,11385
PWB00011386,11386
PWB00011387,11387
PWB00011388,11388
PWB00011389,11389
PWB00011390,11390
PWB00011391,11391
PWB00011392,11392
PWB00011393,11393
PWB00011394,11394
PWB00011395,11395
PWB00011396,11396
PWB00011397,11397
PWB00011398,11398
PWB00011399,11399
PWB00011400,11400
PWB00011401,11401
PWB00011402,11402
PWB00011403,11403
PWB00011404,11404
PWB00011405,11405
PWB00011406,11406
PWB00011407,11407
PWB00011408,11408
PWB00011409,11409
PWB00011410,11410
PWB00011411,11411
PWB00011412,11412
PWB00011413,11413
PWB00011414,11414
PWB00011415,11415
PWB00011416,11416
PWB00011417,11417
PWB00011418,11418
PWB00011419,11419
PWB00011420,11420
PWB00011421,11421
PWB00011422,11422
PWB00011423,11423
PWB00011424,11424
PWB00011425,11425
PWB00011426,11426
PWB00011427,11427
PWB00011428,11428
PWB00011429,11429
PWB00011430,11430
PWB00011431,11431
PWB00011432,11432
PWB00011433,11433
PWB00011434,11434
PWB00011435,11435
PWB00011436,11436
PWB00011437,11437
PWB00011438,11438
PWB00011439,11439
PWB00011440,11440
PWB00011441,11441
PWB00011442,11442
PWB00011443,11443
PWB00011444,11444
PWB00011445,11445
PWB00011446,11446
PWB00011447,11447
PWB00011448,11448
PWB00011449,11449
PWB00011450,11450
PWB00011451,11451
PWB00011452,11452
PWB00011453,11453
PWB00011454,11454
PWB00011455,11455
PWB00011456,11456
PWB00011457,11457
PWB00011458,11458
PWB00011459,11459
PWB00011460,11460
PWB00011461,11461
PWB00011462,11462
PWB00011463,11463
PWB00011464,11464
PWB00011465,11465
PWB00011466,11466
PWB00011467,11467
PWB00011468,11468
PWB00011469,11469
PWB00011470,11470
PWB00011471,11471
PWB00011472,11472
PWB00011473,11473
PWB00011474,11474
PWB00011475,11475
PWB00011476,11476
PWB00011477,11477
PWB00011478,11478
PWB00011479,11479
PWB00011480,11480
PWB00011481,11481
PWB00011482,11482
PWB00011483,11483
PWB00011484,11484
PWB00011485,11485
PWB00011486,11486
PWB00011487,11487
PWB00011488,11488
PWB00011489,11489
PWB00011490,11490
PWB00011491,11491
PWB00011492,11492
PWB00011493,11493
PWB00011494,11494
PWB00011495,11495
PWB00011496,11496
PWB00011497,11497
PWB00011498,11498
PWB00011499,11499
PWB00011500,11500
PWB00011501,11501
PWB00011502,11502
PWB00011503,11503
PWB00011504,11504
PWB00011505,11505
PWB00011506,11506
PWB00011507,11507
PWB00011508,11508
PWB00011509,11509
PWB00011510,11510
PWB00011511,11511
PWB00011512,11512
PWB00011513,11513
PWB00011514,11514
PWB00011515,11515
PWB00011516,11516
PWB00011517,11517
PWB00011518,11518
PWB00011519,11519
PWB00011520,11520
PWB00011521,11521
PWB00011522,11522
PWB00011523,11523
PWB00011524,11524
PWB00011525,11525
PWB00011526,11526
PWB00011527,11527
PWB00011528,11528
PWB00011529,11529
PWB00011530,11530
PWB00011531,11531
PWB00011532,11532
PWB00011533,11533
PWB00011534,11534
PWB00011535,11535
PWB00011536,11536
PWB00011537,11537
PWB00011538,11538
PWB00011539,11539
PWB00011540,11540
PWB00011541,11541
PWB00011542,11542
PWB00011543,11543
PWB00011544,11544
PWB00011545,11545
PWB00011546,11546
PWB00011547,11547
PWB00011548,11548
PWB00011549,11549
PWB00011550,11550
PWB00011551,11551
PWB00011552,11552
PWB00011553,11553
PWB00011554,11554
PWB00011555,11555
PWB00011556,11556
PWB00011557,11557
PWB00011558,11558
PWB00011559,11559
PWB00011560,11560
PWB00011561,11561
PWB00011562,11562
PWB00011563,11563
PWB00011564,11564
PWB00011565,11565
PWB00011566,11566
PWB00011567,11567
PWB00011568,11568
PWB00011569,11569
PWB00011570,11570
PWB00011571,11571
PWB00011572,11572
PWB00011573,11573
PWB00011574,11574
PWB00011575,11575
PWB00011576,11576
PWB00011577,11577
PWB00011578,11578
PWB00011579,11579
PWB00011580,11580
PWB00011581,11581
PWB00011582,11582
PWB00011583,11583
PWB00011584,11584
PWB00011585,11585
PWB00011586,11586
PWB00011587,11587
PWB00011588,11588
PWB00011589,11589
PWB00011590,11590
PWB00011591,11591
PWB00011592,11592
PWB00011593,11593
PWB00011594,11594
PWB00011595,11595
PWB00011596,11596
PWB00011597,11597
PWB00011598,11598
PWB00011599,11599
PWB00011600,11600
PWB00011601,11601
PWB00011602,11602
PWB00011603,11603
PWB00011604,11604
PWB00011605,11605
PWB00011606,11606
PWB00011607,11607
PWB00011608,11608
PWB00011609,11609
PWB00011610,11610
PWB00011611,11611
PWB00011612,11612
PWB00011613,11613
PWB00011614,11614
PWB00011615,11615
PWB00011616,11616
PWB00011617,11617
PWB00011618,11618
PWB00011619,11619
PWB00011620,11620
PWB00011621,11621
PWB00011622,11622
PWB00011623,11623
PWB00011624,11624
PWB00011625,11625
PWB00011626,11626
PWB00011627,11627
PWB00011628,11628
PWB00011629,11629
PWB00011630,11630
PWB00011631,11631
PWB00011632,11632
PWB00011633,11633
PWB00011634,11634
PWB00011635,11635
PWB00011636,11636
PWB00011637,11637
PWB00011638,11638
PWB00011639,11639
PWB00011640,11640
PWB00011641,11641
PWB00011642,11642
PWB00011643,11643
PWB00011644,11644
PWB00011645,11645
PWB00011646,11646
PWB00011647,11647
PWB00011648,11648
PWB00011649,11649
PWB00011650,11650
PWB00011651,11651
PWB00011652,11652
PWB00011653,11653
PWB00011654,11654
PWB00011655,11655
PWB00011656,11656
PWB00011657,11657
PWB00011658,11658
PWB00011659,11659
PWB00011660,11660
PWB00011661,11661
PWB00011662,11662
PWB00011663,11663
PWB00011664,11664
PWB00011665,11665
PWB00011666,11666
PWB00011667,11667
PWB00011668,11668
PWB00011669,11669
PWB00011670,11670
PWB00011671,11671
PWB00011672,11672
PWB00011673,11673
PWB00011674,11674
PWB00011675,11675
PWB00011676,11676
PWB00011677,11677
PWB00011678,11678
PWB00011679,11679
PWB00011680,11680
PWB00011681,11681
PWB00011682,11682
PWB00011683,11683
PWB00011684,11684
PWB00011685,11685
PWB00011686,11686
PWB00011687,11687
PWB00011688,11688
PWB00011689,11689
PWB00011690,11690
PWB00011691,11691
PWB00011692,11692
PWB00011693,11693
PWB00011694,11694
PWB00011695,11695
PWB00011696,11696
PWB00011697,11697
PWB00011698,11698
PWB00011699,11699
PWB00011700,11700
PWB00011701,11701
PWB00011702,11702
PWB00011703,11703
PWB00011704,11704
PWB00011705,11705
PWB00011706,11706
PWB00011707,11707
PWB00011708,11708
PWB00011709,11709
PWB00011710,11710
PWB00011711,11711
PWB00011712,11712
PWB00011713,11713
PWB00011714,11714
PWB00011715,11715
PWB00011716,11716
PWB00011717,11717
PWB00011718,11718
PWB00011719,11719
PWB00011720,11720
PWB00011721,11721
PWB00011722,11722
PWB00011723,11723
PWB00011724,11724
PWB00011725,11725
PWB00011726,11726
PWB00011727,11727
PWB00011728,11728
PWB00011729,11729
PWB00011730,11730
PWB00011731,11731
PWB00011732,11732
PWB00011733,11733
PWB00011734,11734
PWB00011735,11735
PWB00011736,11736
PWB00011737,11737
PWB00011738,11738
PWB00011739,11739
PWB00011740,11740
PWB00011741,11741
PWB00011742,11742
PWB00011743,11743
PWB00011744,11744
PWB00011745,11745
PWB00011746,11746
PWB00011747,11747
PWB00011748,11748
PWB00011749,11749
PWB00011750,11750
PWB00011751,11751
PWB00011752,11752
PWB00011753,11753
PWB00011754,11754
PWB00011755,11755
PWB00011756,11756
PWB00011757,11757
PWB00011758,11758
PWB00011759,11759
PWB00011760,11760
PWB00011761,11761
PWB00011762,11762
PWB00011763,11763
PWB00011764,11764
PWB00011765,11765
PWB00011766,11766
PWB00011767,11767
PWB00011768,11768
PWB00011769,11769
PWB00011770,11770
PWB00011771,11771
PWB00011772,11772
PWB00011773,11773
PWB00011774,11774
PWB00011775,11775
PWB00011776,11776
PWB00011777,11777
PWB00011778,11778
PWB00011779,11779
PWB00011780,11780
PWB00011781,11781
PWB00011782,11782
PWB00011783,11783
PWB00011784,11784
PWB00011785,11785
PWB00011786,11786
PWB00011787,11787
PWB00011788,11788
PWB00011789,11789
PWB00011790,11790
PWB00011791,11791
PWB00011792,11792
PWB00011793,11793
PWB00011794,11794
PWB00011795,11795
PWB00011796,11796
PWB00011797,11797
PWB00011798,11798
PWB00011799,11799
PWB00011800,11800
PWB00011801,11801
PWB00011802,11802
PWB00011803,11803
PWB00011804,11804
PWB00011805,11805
PWB00011806,11806
PWB00011807,11807
PWB00011808,11808
PWB00011809,11809
PWB00011810,11810
PWB00011811,11811
PWB00011812,11812
PWB00011813,11813
PWB00011814,11814
PWB00011815,11815
PWB00011816,11816
PWB00011817,11817
PWB00011818,11818
PWB00011819,11819
PWB00011820,11820
PWB00011821,11821
PWB00011822,11822
PWB00011823,11823
PWB00011824,11824
PWB00011825,11825
PWB00011826,11826
PWB00011827,11827
PWB00011828,11828
PWB00011829,11829
PWB00011830,11830
PWB00011831,11831
PWB00011832,11832
PWB00011833,11833
PWB00011834,11834
PWB00011835,11835
PWB00011836,11836
PWB00011837,11837
PWB00011838,11838
PWB00011839,11839
PWB00011840,11840
PWB00011841,11841
PWB00011842,11842
PWB00011843,11843
PWB00011844,11844
PWB00011845,11845
PWB00011846,11846
PWB00011847,11847
PWB00011848,11848
PWB00011849,11849
PWB00011850,11850
PWB00011851,11851
PWB00011852,11852
PWB00011853,11853
PWB00011854,11854
PWB00011855,11855
PWB00011856,11856
PWB00011857,11857
PWB00011858,11858
PWB00011859,11859
PWB00011860,11860
PWB00011861,11861
PWB00011862,11862
PWB00011863,11863
PWB00011864,11864
PWB00011865,11865
PWB00011866,11866
PWB00011867,11867
PWB00011868,11868
PWB00011869,11869
PWB00011870,11870
PWB00011871,11871
PWB00011872,11872
PWB00011873,11873
PWB00011874,11874
PWB00011875,11875
PWB00011876,11876
PWB00011877,11877
PWB00011878,11878
PWB00011879,11879
PWB00011880,11880
PWB00011881,11881
PWB00011882,11882
PWB00011883,11883
PWB00011884,11884
PWB00011885,11885
PWB00011886,11886
PWB00011887,11887
PWB00011888,11888
PWB00011889,11889
PWB00011890,11890
PWB00011891,11891
PWB00011892,11892
PWB00011893,11893
PWB00011894,11894
PWB00011895,11895
PWB00011896,11896
PWB00011897,11897
PWB00011898,11898
PWB00011899,11899
PWB00011900,11900
PWB00011901,11901
PWB00011902,11902
PWB00011903,11903
PWB00011904,11904
PWB00011905,11905
PWB00011906,11906
PWB00011907,11907
PWB00011908,11908
PWB00011909,11909
PWB00011910,11910
PWB00011911,11911
PWB00011912,11912
PWB00011913,11913
PWB00011914,11914
PWB00011915,11915
PWB00011916,11916
PWB00011917,11917
PWB00011918,11918
PWB00011919,11919
PWB00011920,11920
PWB00011921,11921
PWB00011922,11922
PWB00011923,11923
PWB00011924,11924
PWB00011925,11925
PWB00011926,11926
PWB00011927,11927
PWB00011928,11928
PWB00011929,11929
PWB00011930,11930
PWB00011931,11931
PWB00011932,11932
PWB00011933,11933
PWB00011934,11934
PWB00011935,11935
PWB00011936,11936
PWB00011937,11937
PWB00011938,11938
PWB00011939,11939
PWB00011940,11940
PWB00011941,11941
PWB00011942,11942
PWB00011943,11943
PWB00011944,11944
PWB00011945,11945
PWB00011946,11946
PWB00011947,11947
PWB00011948,11948
PWB00011949,11949
PWB00011950,11950
PWB00011951,11951
PWB00011952,11952
PWB00011953,11953
PWB00011954,11954
PWB00011955,11955
PWB00011956,11956
PWB00011957,11957
PWB00011958,11958
PWB00011959,11959
PWB00011960,11960
PWB00011961,11961
PWB00011962,11962
PWB00011963,11963
PWB00011964,11964
PWB00011965,11965
PWB00011966,11966
PWB00011967,11967
PWB00011968,11968
PWB00011969,11969
PWB00011970,11970
PWB00011971,11971
PWB00011972,11972
PWB00011973,11973
PWB00011974,11974
PWB00011975,11975
PWB00011976,11976
PWB00011977,11977
PWB00011978,11978
PWB00011979,11979
PWB00011980,11980
PWB00011981,11981
PWB00011982,11982
PWB00011983,11983
PWB00011984,11984
PWB00011985,11985
PWB00011986,11986
PWB00011987,11987
PWB00011988,11988
PWB00011989,11989
PWB00011990,11990
PWB00011991,11991
PWB00011992,11992
PWB00011993,11993
PWB00011994,11994
PWB00011995,11995
PWB00011996,11996
PWB00011997,11997
PWB00011998,11998
PWB00011999,11999
PWB00012000,12000
PWB00012001,12001
PWB00012002,12002
PWB00012003,12003
PWB00012004,12004
PWB00012005,12005
PWB00012006,12006
PWB00012007,12007
PWB00012008,12008
PWB00012009,12009
PWB00012010,12010
PWB00012011,12011
PWB00012012,12012
PWB00012013,12013
PWB00012014,12014
PWB00012015,12015
PWB00012016,12016
PWB00012017,12017
PWB00012018,12018
PWB00012019,12019
PWB00012020,12020
PWB00012021,12021
PWB00012022,12022
PWB00012023,12023
PWB00012024,12024
PWB00012025,12025
PWB00012026,12026
PWB00012027,12027
PWB00012028,12028
PWB00012029,12029
PWB00012030,12030
PWB00012031,12031
PWB00012032,12032
PWB00012033,12033
PWB00012034,12034
PWB00012035,12035
PWB00012036,12036
PWB00012037,12037
PWB00012038,12038
PWB00012039,12039
PWB00012040,12040
PWB00012041,12041
PWB00012042,12042
PWB00012043,12043
PWB00012044,12044
PWB00012045,12045
PWB00012046,12046
PWB00012047,12047
PWB00012048,12048
PWB00012049,12049
PWB00012050,12050
PWB00012051,12051
PWB00012052,12052
PWB00012053,12053
PWB00012054,12054
PWB00012055,12055
PWB00012056,12056
PWB00012057,12057
PWB00012058,12058
PWB00012059,12059
PWB00012060,12060
PWB00012061,12061
PWB00012062,12062
PWB00012063,12063
PWB00012064,12064
PWB00012065,12065
PWB00012066,12066
PWB00012067,12067
PWB00012068,12068
PWB00012069,12069
PWB00012070,12070
PWB00012071,12071
PWB00012072,12072
PWB00012073,12073
PWB00012074,12074
PWB00012075,12075
PWB00012076,12076
PWB00012077,12077
PWB00012078,12078
PWB00012079,12079
PWB00012080,12080
PWB00012081,12081
PWB00012082,12082
PWB00012083,12083
PWB00012084,12084
PWB00012085,12085
PWB00012086,12086
PWB00012087,12087
PWB00012088,12088
PWB00012089,12089
PWB00012090,12090
PWB00012091,12091
PWB00012092,12092
PWB00012093,12093
PWB00012094,12094
PWB00012095,12095
PWB00012096,12096
PWB00012097,12097
PWB00012098,12098
PWB00012099,12099
PWB00012100,12100
PWB00012101,12101
PWB00012102,12102
PWB00012103,12103
PWB00012104,12104
PWB00012105,12105
PWB00012106,12106
PWB00012107,12107
PWB00012108,12108
PWB00012109,12109
PWB00012110,12110
PWB00012111,12111
PWB00012112,12112
PWB00012113,12113
PWB00012114,12114
PWB00012115,12115
PWB00012116,12116
PWB00012117,12117
PWB00012118,12118
PWB00012119,12119
PWB00012120,12120
PWB00012121,12121
PWB00012122,12122
PWB00012123,12123
PWB00012124,12124
PWB00012125,12125
PWB00012126,12126
PWB00012127,12127
PWB00012128,12128
PWB00012129,12129
PWB00012130,12130
PWB00012131,12131
PWB00012132,12132
PWB00012133,12133
PWB00012134,12134
PWB00012135,12135
PWB00012136,12136
PWB00012137,12137
PWB00012138,12138
PWB00012139,12139
PWB00012140,12140
PWB00012141,12141
PWB00012142,12142
PWB00012143,12143
PWB00012144,12144
PWB00012145,12145
PWB00012146,12146
PWB00012147,12147
PWB00012148,12148
PWB00012149,12149
PWB00012150,12150
PWB00012151,12151
PWB00012152,12152
PWB00012153,12153
PWB00012154,12154
PWB00012155,12155
PWB00012156,12156
PWB00012157,12157
PWB00012158,12158
PWB00012159,12159
PWB00012160,12160
PWB00012161,12161
PWB00012162,12162
PWB00012163,12163
PWB00012164,12164
PWB00012165,12165
PWB00012166,12166
PWB00012167,12167
PWB00012168,12168
PWB00012169,12169
PWB00012170,12170
PWB00012171,12171
PWB00012172,12172
PWB00012173,12173
PWB00012174,12174
PWB00012175,12175
PWB00012176,12176
PWB00012177,12177
PWB00012178,12178
PWB00012179,12179
PWB00012180,12180
PWB00012181,12181
PWB00012182,12182
PWB00012183,12183
PWB00012184,12184
PWB00012185,12185
PWB00012186,12186
PWB00012187,12187
PWB00012188,12188
PWB00012189,12189
PWB00012190,12190
PWB00012191,12191
PWB00012192,12192
PWB00012193,12193
PWB00012194,12194
PWB00012195,12195
PWB00012196,12196
PWB00012197,12197
PWB00012198,12198
PWB00012199,12199
PWB00012200,12200
PWB00012201,12201
PWB00012202,12202
PWB00012203,12203
PWB00012204,12204
PWB00012205,12205
PWB00012206,12206
PWB00012207,12207
PWB00012208,12208
PWB00012209,12209
PWB00012210,12210
PWB00012211,12211
PWB00012212,12212
PWB00012213,12213
PWB00012214,12214
PWB00012215,12215
PWB00012216,12216
PWB00012217,12217
PWB00012218,12218
PWB00012219,12219
PWB00012220,12220
PWB00012221,12221
PWB00012222,12222
PWB00012223,12223
PWB00012224,12224
PWB00012225,12225
PWB00012226,12226
PWB00012227,12227
PWB00012228,12228
PWB00012229,12229
PWB00012230,12230
PWB00012231,12231
PWB00012232,12232
PWB00012233,12233
PWB00012234,12234
PWB00012235,12235
PWB00012236,12236
PWB00012237,12237
PWB00012238,12238
PWB00012239,12239
PWB00012240,12240
PWB00012241,12241
PWB00012242,12242
PWB00012243,12243
PWB00012244,12244
PWB00012245,12245
PWB00012246,12246
PWB00012247,12247
PWB00012248,12248
PWB00012249,12249
PWB00012250,12250
PWB00012251,12251
PWB00012252,12252
PWB00012253,12253
PWB00012254,12254
PWB00012255,12255
PWB00012256,12256
PWB00012257,12257
PWB00012258,12258
PWB00012259,12259
PWB00012260,12260
PWB00012261,12261
PWB00012262,12262
PWB00012263,12263
PWB00012264,12264
PWB00012265,12265
PWB00012266,12266
PWB00012267,12267
PWB00012268,12268
PWB00012269,12269
PWB00012270,12270
PWB00012271,12271
PWB00012272,12272
PWB00012273,12273
PWB00012274,12274
PWB00012275,12275
PWB00012276,12276
PWB00012277,12277
PWB00012278,12278
PWB00012279,12279
PWB00012280,12280
PWB00012281,12281
PWB00012282,12282
PWB00012283,12283
PWB00012284,12284
PWB00012285,12285
PWB00012286,12286
PWB00012287,12287
PWB00012288,12288
PWB00012289,12289
PWB00012290,12290
PWB00012291,12291
PWB00012292,12292
PWB00012293,12293
PWB00012294,12294
PWB00012295,12295
PWB00012296,12296
PWB00012297,12297
PWB00012298,12298
PWB00012299,12299
PWB00012300,12300
PWB00012301,12301
PWB00012302,12302
PWB00012303,12303
PWB00012304,12304
PWB00012305,12305
PWB00012306,12306
PWB00012307,12307
PWB00012308,12308
PWB00012309,12309
PWB00012310,12310
PWB00012311,12311
PWB00012312,12312
PWB00012313,12313
PWB00012314,12314
PWB00012315,12315
PWB00012316,12316
PWB00012317,12317
PWB00012318,12318
PWB00012319,12319
PWB00012320,12320
PWB00012321,12321
PWB00012322,12322
PWB00012323,12323
PWB00012324,12324
PWB00012325,12325
PWB00012326,12326
PWB00012327,12327
PWB00012328,12328
PWB00012329,12329
PWB00012330,12330
PWB00012331,12331
PWB00012332,12332
PWB00012333,12333
PWB00012334,12334
PWB00012335,12335
PWB00012336,12336
PWB00012337,12337
PWB00012338,12338
PWB00012339,12339
PWB00012340,12340
PWB00012341,12341
PWB00012342,12342
PWB00012343,12343
PWB00012344,12344
PWB00012345,12345
PWB00012346,12346
PWB00012347,12347
PWB00012348,12348
PWB00012349,12349
PWB00012350,12350
PWB00012351,12351
PWB00012352,12352
PWB00012353,12353
PWB00012354,12354
PWB00012355,12355
PWB00012356,12356
PWB00012357,12357
PWB00012358,12358
PWB00012359,12359
PWB00012360,12360
PWB00012361,12361
PWB00012362,12362
PWB00012363,12363
PWB00012364,12364
PWB00012365,12365
PWB00012366,12366
PWB00012367,12367
PWB00012368,12368
PWB00012369,12369
PWB00012370,12370
PWB00012371,12371
PWB00012372,12372
PWB00012373,12373
PWB00012374,12374
PWB00012375,12375
PWB00012376,12376
PWB00012377,12377
PWB00012378,12378
PWB00012379,12379
PWB00012380,12380
PWB00012381,12381
PWB00012382,12382
PWB00012383,12383
PWB00012384,12384
PWB00012385,12385
PWB00012386,12386
PWB00012387,12387
PWB00012388,12388
PWB00012389,12389
PWB00012390,12390
PWB00012391,12391
PWB00012392,12392
PWB00012393,12393
PWB00012394,12394
PWB00012395,12395
PWB00012396,12396
PWB00012397,12397
PWB00012398,12398
PWB00012399,12399
PWB00012400,12400
PWB00012401,12401
PWB00012402,12402
PWB00012403,12403
PWB00012404,12404
PWB00012405,12405
PWB00012406,12406
PWB00012407,12407
PWB00012408,12408
PWB00012409,12409
PWB00012410,12410
PWB00012411,12411
PWB00012412,12412
PWB00012413,12413
PWB00012414,12414
PWB00012415,12415
PWB00012416,12416
PWB00012417,12417
PWB00012418,12418
PWB00012419,12419
PWB00012420,12420
PWB00012421,12421
PWB00012422,12422
PWB00012423,12423
PWB00012424,12424
PWB00012425,12425
PWB00012426,12426
PWB00012427,12427
PWB00012428,12428
PWB00012429,12429
PWB00012430,12430
PWB00012431,12431
PWB00012432,12432
PWB00012433,12433
PWB00012434,12434
PWB00012435,12435
PWB00012436,12436
PWB00012437,12437
PWB00012438,12438
PWB00012439,12439
PWB00012440,12440
PWB00012441,12441
PWB00012442,12442
PWB00012443,12443
PWB00012444,12444
PWB00012445,12445
PWB00012446,12446
PWB00012447,12447
PWB00012448,12448
PWB00012449,12449
PWB00012450,12450
PWB00012451,12451
PWB00012452,12452
PWB00012453,12453
PWB00012454,12454
PWB00012455,12455
PWB00012456,12456
PWB00012457,12457
PWB00012458,12458
PWB00012459,12459
PWB00012460,12460
PWB00012461,12461
PWB00012462,12462
PWB00012463,12463
PWB00012464,12464
PWB00012465,12465
PWB00012466,12466
PWB00012467,12467
PWB00012468,12468
PWB00012469,12469
PWB00012470,12470
PWB00012471,12471
PWB00012472,12472
PWB00012473,12473
PWB00012474,12474
PWB00012475,12475
PWB00012476,12476
PWB00012477,12477
PWB00012478,12478
PWB00012479,12479
PWB00012480,12480
PWB00012481,12481
PWB00012482,12482
PWB00012483,12483
PWB00012484,12484
PWB00012485,12485
PWB00012486,12486
PWB00012487,12487
PWB00012488,12488
PWB00012489,12489
PWB00012490,12490
PWB00012491,12491
PWB00012492,12492
PWB00012493,12493
PWB00012494,12494
PWB00012495,12495
PWB00012496,12496
PWB00012497,12497
PWB00012498,12498
PWB00012499,12499
PWB00012500,12500
PWB00012501,12501
PWB00012502,12502
PWB00012503,12503
PWB00012504,12504
PWB00012505,12505
PWB00012506,12506
PWB00012507,12507
PWB00012508,12508
PWB00012509,12509
PWB00012510,12510
PWB00012511,12511
PWB00012512,12512
PWB00012513,12513
PWB00012514,12514
PWB00012515,12515
PWB00012516,12516
PWB00012517,12517
PWB00012518,12518
PWB00012519,12519
PWB00012520,12520
PWB00012521,12521
PWB00012522,12522
PWB00012523,12523
PWB00012524,12524
PWB00012525,12525
PWB00012526,12526
PWB00012527,12527
PWB00012528,12528
PWB00012529,12529
PWB00012530,12530
PWB00012531,12531
PWB00012532,12532
PWB00012533,12533
PWB00012534,12534
PWB00012535,12535
PWB00012536,12536
PWB00012537,12537
PWB00012538,12538
PWB00012539,12539
PWB00012540,12540
PWB00012541,12541
PWB00012542,12542
PWB00012543,12543
PWB00012544,12544
PWB00012545,12545
PWB00012546,12546
PWB00012547,12547
PWB00012548,12548
PWB00012549,12549
PWB00012550,12550
PWB00012551,12551
PWB00012552,12552
PWB00012553,12553
PWB00012554,12554
PWB00012555,12555
PWB00012556,12556
PWB00012557,12557
PWB00012558,12558
PWB00012559,12559
PWB00012560,12560
PWB00012561,12561
PWB00012562,12562
PWB00012563,12563
PWB00012564,12564
PWB00012565,12565
PWB00012566,12566
PWB00012567,12567
PWB00012568,12568
PWB00012569,12569
PWB00012570,12570
PWB00012571,12571
PWB00012572,12572
PWB00012573,12573
PWB00012574,12574
PWB00012575,12575
PWB00012576,12576
PWB00012577,12577
PWB00012578,12578
PWB00012579,12579
PWB00012580,12580
PWB00012581,12581
PWB00012582,12582
PWB00012583,12583
PWB00012584,12584
PWB00012585,12585
PWB00012586,12586
PWB00012587,12587
PWB00012588,12588
PWB00012589,12589
PWB00012590,12590
PWB00012591,12591
PWB00012592,12592
PWB00012593,12593
PWB00012594,12594
PWB00012595,12595
PWB00012596,12596
PWB00012597,12597
PWB00012598,12598
PWB00012599,12599
PWB00012600,12600
PWB00012601,12601
PWB00012602,12602
PWB00012603,12603
PWB00012604,12604
PWB00012605,12605
PWB00012606,12606
PWB00012607,12607
PWB00012608,12608
PWB00012609,12609
PWB00012610,12610
PWB00012611,12611
PWB00012612,12612
PWB00012613,12613
PWB00012614,12614
PWB00012615,12615
PWB00012616,12616
PWB00012617,12617
PWB00012618,12618
PWB00012619,12619
PWB00012620,12620
PWB00012621,12621
PWB00012622,12622
PWB00012623,12623
PWB00012624,12624
PWB00012625,12625
PWB00012626,12626
PWB00012627,12627
PWB00012628,12628
PWB00012629,12629
PWB00012630,12630
PWB00012631,12631
PWB00012632,12632
PWB00012633,12633
PWB00012634,12634
PWB00012635,12635
PWB00012636,12636
PWB00012637,12637
PWB00012638,12638
PWB00012639,12639
PWB00012640,12640
PWB00012641,12641
PWB00012642,12642
PWB00012643,12643
PWB00012644,12644
PWB00012645,12645
PWB00012646,12646
PWB00012647,12647
PWB00012648,12648
PWB00012649,12649
PWB00012650,12650
PWB00012651,12651
PWB00012652,12652
PWB00012653,12653
PWB00012654,12654
PWB00012655,12655
PWB00012656,12656
PWB00012657,12657
PWB00012658,12658
PWB00012659,12659
PWB00012660,12660
PWB00012661,12661
PWB00012662,12662
PWB00012663,12663
PWB00012664,12664
PWB00012665,12665
PWB00012666,12666
PWB00012667,12667
PWB00012668,12668
PWB00012669,12669
PWB00012670,12670
PWB00012671,12671
PWB00012672,12672
PWB00012673,12673
PWB00012674,12674
PWB00012675,12675
PWB00012676,12676
PWB00012677,12677
PWB00012678,12678
PWB00012679,12679
PWB00012680,12680
PWB00012681,12681
PWB00012682,12682
PWB00012683,12683
PWB00012684,12684
PWB00012685,12685
PWB00012686,12686
PWB00012687,12687
PWB00012688,12688
PWB00012689,12689
PWB00012690,12690
PWB00012691,12691
PWB00012692,12692
PWB00012693,12693
PWB00012694,12694
PWB00012695,12695
PWB00012696,12696
PWB00012697,12697
PWB00012698,12698
PWB00012699,12699
PWB00012700,12700
PWB00012701,12701
PWB00012702,12702
PWB00012703,12703
PWB00012704,12704
PWB00012705,12705
PWB00012706,12706
PWB00012707,12707
PWB00012708,12708
PWB00012709,12709
PWB00012710,12710
PWB00012711,12711
PWB00012712,12712
PWB00012713,12713
PWB00012714,12714
PWB00012715,12715
PWB00012716,12716
PWB00012717,12717
PWB00012718,12718
PWB00012719,12719
PWB00012720,12720
PWB00012721,12721
PWB00012722,12722
PWB00012723,12723
PWB00012724,12724
PWB00012725,12725
PWB00012726,12726
PWB00012727,12727
PWB00012728,12728
PWB00012729,12729
PWB00012730,12730
PWB00012731,12731
PWB00012732,12732
PWB00012733,12733
PWB00012734,12734
PWB00012735,12735
PWB00012736,12736
PWB00012737,12737
PWB00012738,12738
PWB00012739,12739
PWB00012740,12740
PWB00012741,12741
PWB00012742,12742
PWB00012743,12743
PWB00012744,12744
PWB00012745,12745
PWB00012746,12746
PWB00012747,12747
PWB00012748,12748
PWB00012749,12749
PWB00012750,12750
PWB00012751,12751
PWB00012752,12752
PWB00012753,12753
PWB00012754,12754
PWB00012755,12755
PWB00012756,12756
PWB00012757,12757
PWB00012758,12758
PWB00012759,12759
PWB00012760,12760
PWB00012761,12761
PWB00012762,12762
PWB00012763,12763
PWB00012764,12764
PWB00012765,12765
PWB00012766,12766
PWB00012767,12767
PWB00012768,12768
PWB00012769,12769
PWB00012770,12770
PWB00012771,12771
PWB00012772,12772
PWB00012773,12773
PWB00012774,12774
PWB00012775,12775
PWB00012776,12776
PWB00012777,12777
PWB00012778,12778
PWB00012779,12779
PWB00012780,12780
PWB00012781,12781
PWB00012782,12782
PWB00012783,12783
PWB00012784,12784
PWB00012785,12785
PWB00012786,12786
PWB00012787,12787
PWB00012788,12788
PWB00012789,12789
PWB00012790,12790
PWB00012791,12791
PWB00012792,12792
PWB00012793,12793
PWB00012794,12794
PWB00012795,12795
PWB00012796,12796
PWB00012797,12797
PWB00012798,12798
PWB00012799,12799
PWB00012800,12800
PWB00012801,12801
PWB00012802,12802
PWB00012803,12803
PWB00012804,12804
PWB00012805,12805
PWB00012806,12806
PWB00012807,12807
PWB00012808,12808
PWB00012809,12809
PWB00012810,12810
PWB00012811,12811
PWB00012812,12812
PWB00012813,12813
PWB00012814,12814
PWB00012815,12815
PWB00012816,12816
PWB00012817,12817
PWB00012818,12818
PWB00012819,12819
PWB00012820,12820
PWB00012821,12821
PWB00012822,12822
PWB00012823,12823
PWB00012824,12824
PWB00012825,12825
PWB00012826,12826
PWB00012827,12827
PWB00012828,12828
PWB00012829,12829
PWB00012830,12830
PWB00012831,12831
PWB00012832,12832
PWB00012833,12833
PWB00012834,12834
PWB00012835,12835
PWB00012836,12836
PWB00012837,12837
PWB00012838,12838
PWB00012839,12839
PWB00012840,12840
PWB00012841,12841
PWB00012842,12842
PWB00012843,12843
PWB00012844,12844
PWB00012845,12845
PWB00012846,12846
PWB00012847,12847
PWB00012848,12848
PWB00012849,12849
PWB00012850,12850
PWB00012851,12851
PWB00012852,12852
PWB00012853,12853
PWB00012854,12854
PWB00012855,12855
PWB00012856,12856
PWB00012857,12857
PWB00012858,12858
PWB00012859,12859
PWB00012860,12860
PWB00012861,12861
PWB00012862,12862
PWB00012863,12863
PWB00012864,12864
PWB00012865,12865
PWB00012866,12866
PWB00012867,12867
PWB00012868,12868
PWB00012869,12869
PWB00012870,12870
PWB00012871,12871
PWB00012872,12872
PWB00012873,12873
PWB00012874,12874
PWB00012875,12875
PWB00012876,12876
PWB00012877,12877
PWB00012878,12878
PWB00012879,12879
PWB00012880,12880
PWB00012881,12881
PWB00012882,12882
PWB00012883,12883
PWB00012884,12884
PWB00012885,12885
PWB00012886,12886
PWB00012887,12887
PWB00012888,12888
PWB00012889,12889
PWB00012890,12890
PWB00012891,12891
PWB00012892,12892
PWB00012893,12893
PWB00012894,12894
PWB00012895,12895
PWB00012896,12896
PWB00012897,12897
PWB00012898,12898
PWB00012899,12899
PWB00012900,12900
PWB00012901,12901
PWB00012902,12902
PWB00012903,12903
PWB00012904,12904
PWB00012905,12905
PWB00012906,12906
PWB00012907,12907
PWB00012908,12908
PWB00012909,12909
PWB00012910,12910
PWB00012911,12911
PWB00012912,12912
PWB00012913,12913
PWB00012914,12914
PWB00012915,12915
PWB00012916,12916
PWB00012917,12917
PWB00012918,12918
PWB00012919,12919
PWB00012920,12920
PWB00012921,12921
PWB00012922,12922
PWB00012923,12923
PWB00012924,12924
PWB00012925,12925
PWB00012926,12926
PWB00012927,12927
PWB00012928,12928
PWB00012929,12929
PWB00012930,12930
PWB00012931,12931
PWB00012932,12932
PWB00012933,12933
PWB00012934,12934
PWB00012935,12935
PWB00012936,12936
PWB00012937,12937
PWB00012938,12938
PWB00012939,12939
PWB00012940,12940
PWB00012941,12941
PWB00012942,12942
PWB00012943,12943
PWB00012944,12944
PWB00012945,12945
PWB00012946,12946
PWB00012947,12947
PWB00012948,12948
PWB00012949,12949
PWB00012950,12950
PWB00012951,12951
PWB00012952,12952
PWB00012953,12953
PWB00012954,12954
PWB00012955,12955
PWB00012956,12956
PWB00012957,12957
PWB00012958,12958
PWB00012959,12959
PWB00012960,12960
PWB00012961,12961
PWB00012962,12962
PWB00012963,12963
PWB00012964,12964
PWB00012965,12965
PWB00012966,12966
PWB00012967,12967
PWB00012968,12968
PWB00012969,12969
PWB00012970,12970
PWB00012971,12971
PWB00012972,12972
PWB00012973,12973
PWB00012974,12974
PWB00012975,12975
PWB00012976,12976
PWB00012977,12977
PWB00012978,12978
PWB00012979,12979
PWB00012980,12980
PWB00012981,12981
PWB00012982,12982
PWB00012983,12983
PWB00012984,12984
PWB00012985,12985
PWB00012986,12986
PWB00012987,12987
PWB00012988,12988
PWB00012989,12989
PWB00012990,12990
PWB00012991,12991
PWB00012992,12992
PWB00012993,12993
PWB00012994,12994
PWB00012995,12995
PWB00012996,12996
PWB00012997,12997
PWB00012998,12998
PWB00012999,12999
PWB00013000,13000
PWB00013001,13001
PWB00013002,13002
PWB00013003,13003
PWB00013004,13004
PWB00013005,13005
PWB00013006,13006
PWB00013007,13007
PWB00013008,13008
PWB00013009,13009
PWB00013010,13010
PWB00013011,13011
PWB00013012,13012
PWB00013013,13013
PWB00013014,13014
PWB00013015,13015
PWB00013016,13016
PWB00013017,13017
PWB00013018,13018
PWB00013019,13019
PWB00013020,13020
PWB00013021,13021
PWB00013022,13022
PWB00013023,13023
PWB00013024,13024
PWB00013025,13025
PWB00013026,13026
PWB00013027,13027
PWB00013028,13028
PWB00013029,13029
PWB00013030,13030
PWB00013031,13031
PWB00013032,13032
PWB00013033,13033
PWB00013034,13034
PWB00013035,13035
PWB00013036,13036
PWB00013037,13037
PWB00013038,13038
PWB00013039,13039
PWB00013040,13040
PWB00013041,13041
PWB00013042,13042
PWB00013043,13043
PWB00013044,13044
PWB00013045,13045
PWB00013046,13046
PWB00013047,13047
PWB00013048,13048
PWB00013049,13049
PWB00013050,13050
PWB00013051,13051
PWB00013052,13052
PWB00013053,13053
PWB00013054,13054
PWB00013055,13055
PWB00013056,13056
PWB00013057,13057
PWB00013058,13058
PWB00013059,13059
PWB00013060,13060
PWB00013061,13061
PWB00013062,13062
PWB00013063,13063
PWB00013064,13064
PWB00013065,13065
PWB00013066,13066
PWB00013067,13067
PWB00013068,13068
PWB00013069,13069
PWB00013070,13070
PWB00013071,13071
PWB00013072,13072
PWB00013073,13073
PWB00013074,13074
PWB00013075,13075
PWB00013076,13076
PWB00013077,13077
PWB00013078,13078
PWB00013079,13079
PWB00013080,13080
PWB00013081,13081
PWB00013082,13082
PWB00013083,13083
PWB00013084,13084
PWB00013085,13085
PWB00013086,13086
PWB00013087,13087
PWB00013088,13088
PWB00013089,13089
PWB00013090,13090
PWB00013091,13091
PWB00013092,13092
PWB00013093,13093
PWB00013094,13094
PWB00013095,13095
PWB00013096,13096
PWB00013097,13097
PWB00013098,13098
PWB00013099,13099
PWB00013100,13100
PWB00013101,13101
PWB00013102,13102
PWB00013103,13103
PWB00013104,13104
PWB00013105,13105
PWB00013106,13106
PWB00013107,13107
PWB00013108,13108
PWB00013109,13109
PWB00013110,13110
PWB00013111,13111
PWB00013112,13112
PWB00013113,13113
PWB00013114,13114
PWB00013115,13115
PWB00013116,13116
PWB00013117,13117
PWB00013118,13118
PWB00013119,13119
PWB00013120,13120
PWB00013121,13121
PWB00013122,13122
PWB00013123,13123
PWB00013124,13124
PWB00013125,13125
PWB00013126,13126
PWB00013127,13127
PWB00013128,13128
PWB00013129,13129
PWB00013130,13130
PWB00013131,13131
PWB00013132,13132
PWB00013133,13133
PWB00013134,13134
PWB00013135,13135
PWB00013136,13136
PWB00013137,13137
PWB00013138,13138
PWB00013139,13139
PWB00013140,13140
PWB00013141,13141
PWB00013142,13142
PWB00013143,13143
PWB00013144,13144
PWB00013145,13145
PWB00013146,13146
PWB00013147,13147
PWB00013148,13148
PWB00013149,13149
PWB00013150,13150
PWB00013151,13151
PWB00013152,13152
PWB00013153,13153
PWB00013154,13154
PWB00013155,13155
PWB00013156,13156
PWB00013157,13157
PWB00013158,13158
PWB00013159,13159
PWB00013160,13160
PWB00013161,13161
PWB00013162,13162
PWB00013163,13163
PWB00013164,13164
PWB00013165,13165
PWB00013166,13166
PWB00013167,13167
PWB00013168,13168
PWB00013169,13169
PWB00013170,13170
PWB00013171,13171
PWB00013172,13172
PWB00013173,13173
PWB00013174,13174
PWB00013175,13175
PWB00013176,13176
PWB00013177,13177
PWB00013178,13178
PWB00013179,13179
PWB00013180,13180
PWB00013181,13181
PWB00013182,13182
PWB00013183,13183
PWB00013184,13184
PWB00013185,13185
PWB00013186,13186
PWB00013187,13187
PWB00013188,13188
PWB00013189,13189
PWB00013190,13190
PWB00013191,13191
PWB00013192,13192
PWB00013193,13193
PWB00013194,13194
PWB00013195,13195
PWB00013196,13196
PWB00013197,13197
PWB00013198,13198
PWB00013199,13199
PWB00013200,13200
PWB00013201,13201
PWB00013202,13202
PWB00013203,13203
PWB00013204,13204
PWB00013205,13205
PWB00013206,13206
PWB00013207,13207
PWB00013208,13208
PWB00013209,13209
PWB00013210,13210
PWB00013211,13211
PWB00013212,13212
PWB00013213,13213
PWB00013214,13214
PWB00013215,13215
PWB00013216,13216
PWB00013217,13217
PWB00013218,13218
PWB00013219,13219
PWB00013220,13220
PWB00013221,13221
PWB00013222,13222
PWB00013223,13223
PWB00013224,13224
PWB00013225,13225
PWB00013226,13226
PWB00013227,13227
PWB00013228,13228
PWB00013229,13229
PWB00013230,13230
PWB00013231,13231
PWB00013232,13232
PWB00013233,13233
PWB00013234,13234
PWB00013235,13235
PWB00013236,13236
PWB00013237,13237
PWB00013238,13238
PWB00013239,13239
PWB00013240,13240
PWB00013241,13241
PWB00013242,13242
PWB00013243,13243
PWB00013244,13244
PWB00013245,13245
PWB00013246,13246
PWB00013247,13247
PWB00013248,13248
PWB00013249,13249
PWB00013250,13250
PWB00013251,13251
PWB00013252,13252
PWB00013253,13253
PWB00013254,13254
PWB00013255,13255
PWB00013256,13256
PWB00013257,13257
PWB00013258,13258
PWB00013259,13259
PWB00013260,13260
PWB00013261,13261
PWB00013262,13262
PWB00013263,13263
PWB00013264,13264
PWB00013265,13265
PWB00013266,13266
PWB00013267,13267
PWB00013268,13268
PWB00013269,13269
PWB00013270,13270
PWB00013271,13271
PWB00013272,13272
PWB00013273,13273
PWB00013274,13274
PWB00013275,13275
PWB00013276,13276
PWB00013277,13277
PWB00013278,13278
PWB00013279,13279
PWB00013280,13280
PWB00013281,13281
PWB00013282,13282
PWB00013283,13283
PWB00013284,13284
PWB00013285,13285
PWB00013286,13286
PWB00013287,13287
PWB00013288,13288
PWB00013289,13289
PWB00013290,13290
PWB00013291,13291
PWB00013292,13292
PWB00013293,13293
PWB00013294,13294
PWB00013295,13295
PWB00013296,13296
PWB00013297,13297
PWB00013298,13298
PWB00013299,13299
PWB00013300,13300
PWB00013301,13301
PWB00013302,13302
PWB00013303,13303
PWB00013304,13304
PWB00013305,13305
PWB00013306,13306
PWB00013307,13307
PWB00013308,13308
PWB00013309,13309
PWB00013310,13310
PWB00013311,13311
PWB00013312,13312
PWB00013313,13313
PWB00013314,13314
PWB00013315,13315
PWB00013316,13316
PWB00013317,13317
PWB00013318,13318
PWB00013319,13319
PWB00013320,13320
PWB00013321,13321
PWB00013322,13322
PWB00013323,13323
PWB00013324,13324
PWB00013325,13325
PWB00013326,13326
PWB00013327,13327
PWB00013328,13328
PWB00013329,13329
PWB00013330,13330
PWB00013331,13331
PWB00013332,13332
PWB00013333,13333
PWB00013334,13334
PWB00013335,13335
PWB00013336,13336
PWB00013337,13337
PWB00013338,13338
PWB00013339,13339
PWB00013340,13340
PWB00013341,13341
PWB00013342,13342
PWB00013343,13343
PWB00013344,13344
PWB00013345,13345
PWB00013346,13346
PWB00013347,13347
PWB00013348,13348
PWB00013349,13349
PWB00013350,13350
PWB00013351,13351
PWB00013352,13352
PWB00013353,13353
PWB00013354,13354
PWB00013355,13355
PWB00013356,13356
PWB00013357,13357
PWB00013358,13358
PWB00013359,13359
PWB00013360,13360
PWB00013361,13361
PWB00013362,13362
PWB00013363,13363
PWB00013364,13364
PWB00013365,13365
PWB00013366,13366
PWB00013367,13367
PWB00013368,13368
PWB00013369,13369
PWB00013370,13370
PWB00013371,13371
PWB00013372,13372
PWB00013373,13373
PWB00013374,13374
PWB00013375,13375
PWB00013376,13376
PWB00013377,13377
PWB00013378,13378
PWB00013379,13379
PWB00013380,13380
PWB00013381,13381
PWB00013382,13382
PWB00013383,13383
PWB00013384,13384
PWB00013385,13385
PWB00013386,13386
PWB00013387,13387
PWB00013388,13388
PWB00013389,13389
PWB00013390,13390
PWB00013391,13391
PWB00013392,13392
PWB00013393,13393
PWB00013394,13394
PWB00013395,13395
PWB00013396,13396
PWB00013397,13397
PWB00013398,13398
PWB00013399,13399
PWB00013400,13400
PWB00013401,13401
PWB00013402,13402
PWB00013403,13403
PWB00013404,13404
PWB00013405,13405
PWB00013406,13406
PWB00013407,13407
PWB00013408,13408
PWB00013409,13409
PWB00013410,13410
PWB00013411,13411
PWB00013412,13412
PWB00013413,13413
PWB00013414,13414
PWB00013415,13415
PWB00013416,13416
PWB00013417,13417
PWB00013418,13418
PWB00013419,13419
PWB00013420,13420
PWB00013421,13421
PWB00013422,13422
PWB00013423,13423
PWB00013424,13424
PWB00013425,13425
PWB00013426,13426
PWB00013427,13427
PWB00013428,13428
PWB00013429,13429
PWB00013430,13430
PWB00013431,13431
PWB00013432,13432
PWB00013433,13433
PWB00013434,13434
PWB00013435,13435
PWB00013436,13436
PWB00013437,13437
PWB00013438,13438
PWB00013439,13439
PWB00013440,13440
PWB00013441,13441
PWB00013442,13442
PWB00013443,13443
PWB00013444,13444
PWB00013445,13445
PWB00013446,13446
PWB00013447,13447
PWB00013448,13448
PWB00013449,13449
PWB00013450,13450
PWB00013451,13451
PWB00013452,13452
PWB00013453,13453
PWB00013454,13454
PWB00013455,13455
PWB00013456,13456
PWB00013457,13457
PWB00013458,13458
PWB00013459,13459
PWB00013460,13460
PWB00013461,13461
PWB00013462,13462
PWB00013463,13463
PWB00013464,13464
PWB00013465,13465
PWB00013466,13466
PWB00013467,13467
PWB00013468,13468
PWB00013469,13469
PWB00013470,13470
PWB00013471,13471
PWB00013472,13472
PWB00013473,13473
PWB00013474,13474
PWB00013475,13475
PWB00013476,13476
PWB00013477,13477
PWB00013478,13478
PWB00013479,13479
PWB00013480,13480
PWB00013481,13481
PWB00013482,13482
PWB00013483,13483
PWB00013484,13484
PWB00013485,13485
PWB00013486,13486
PWB00013487,13487
PWB00013488,13488
PWB00013489,13489
PWB00013490,13490
PWB00013491,13491
PWB00013492,13492
PWB00013493,13493
PWB00013494,13494
PWB00013495,13495
PWB00013496,13496
PWB00013497,13497
PWB00013498,13498
PWB00013499,13499
PWB00013500,13500
PWB00013501,13501
PWB00013502,13502
PWB00013503,13503
PWB00013504,13504
PWB00013505,13505
PWB00013506,13506
PWB00013507,13507
PWB00013508,13508
PWB00013509,13509
PWB00013510,13510
PWB00013511,13511
PWB00013512,13512
PWB00013513,13513
PWB00013514,13514
PWB00013515,13515
PWB00013516,13516
PWB00013517,13517
PWB00013518,13518
PWB00013519,13519
PWB00013520,13520
PWB00013521,13521
PWB00013522,13522
PWB00013523,13523
PWB00013524,13524
PWB00013525,13525
PWB00013526,13526
PWB00013527,13527
PWB00013528,13528
PWB00013529,13529
PWB00013530,13530
PWB00013531,13531
PWB00013532,13532
PWB00013533,13533
PWB00013534,13534
PWB00013535,13535
PWB00013536,13536
PWB00013537,13537
PWB00013538,13538
PWB00013539,13539
PWB00013540,13540
PWB00013541,13541
PWB00013542,13542
PWB00013543,13543
PWB00013544,13544
PWB00013545,13545
PWB00013546,13546
PWB00013547,13547
PWB00013548,13548
PWB00013549,13549
PWB00013550,13550
PWB00013551,13551
PWB00013552,13552
PWB00013553,13553
PWB00013554,13554
PWB00013555,13555
PWB00013556,13556
PWB00013557,13557
PWB00013558,13558
PWB00013559,13559
PWB00013560,13560
PWB00013561,13561
PWB00013562,13562
PWB00013563,13563
PWB00013564,13564
PWB00013565,13565
PWB00013566,13566
PWB00013567,13567
PWB00013568,13568
PWB00013569,13569
PWB00013570,13570
PWB00013571,13571
PWB00013572,13572
PWB00013573,13573
PWB00013574,13574
PWB00013575,13575
PWB00013576,13576
PWB00013577,13577
PWB00013578,13578
PWB00013579,13579
PWB00013580,13580
PWB00013581,13581
PWB00013582,13582
PWB00013583,13583
PWB00013584,13584
PWB00013585,13585
PWB00013586,13586
PWB00013587,13587
PWB00013588,13588
PWB00013589,13589
PWB00013590,13590
PWB00013591,13591
PWB00013592,13592
PWB00013593,13593
PWB00013594,13594
PWB00013595,13595
PWB00013596,13596
PWB00013597,13597
PWB00013598,13598
PWB00013599,13599
PWB00013600,13600
PWB00013601,13601
PWB00013602,13602
PWB00013603,13603
PWB00013604,13604
PWB00013605,13605
PWB00013606,13606
PWB00013607,13607
PWB00013608,13608
PWB00013609,13609
PWB00013610,13610
PWB00013611,13611
PWB00013612,13612
PWB00013613,13613
PWB00013614,13614
PWB00013615,13615
PWB00013616,13616
PWB00013617,13617
PWB00013618,13618
PWB00013619,13619
PWB00013620,13620
PWB00013621,13621
PWB00013622,13622
PWB00013623,13623
PWB00013624,13624
PWB00013625,13625
PWB00013626,13626
PWB00013627,13627
PWB00013628,13628
PWB00013629,13629
PWB00013630,13630
PWB00013631,13631
PWB00013632,13632
PWB00013633,13633
PWB00013634,13634
PWB00013635,13635
PWB00013636,13636
PWB00013637,13637
PWB00013638,13638
PWB00013639,13639
PWB00013640,13640
PWB00013641,13641
PWB00013642,13642
PWB00013643,13643
PWB00013644,13644
PWB00013645,13645
PWB00013646,13646
PWB00013647,13647
PWB00013648,13648
PWB00013649,13649
PWB00013650,13650
PWB00013651,13651
PWB00013652,13652
PWB00013653,13653
PWB00013654,13654
PWB00013655,13655
PWB00013656,13656
PWB00013657,13657
PWB00013658,13658
PWB00013659,13659
PWB00013660,13660
PWB00013661,13661
PWB00013662,13662
PWB00013663,13663
PWB00013664,13664
PWB00013665,13665
PWB00013666,13666
PWB00013667,13667
PWB00013668,13668
PWB00013669,13669
PWB00013670,13670
PWB00013671,13671
PWB00013672,13672
PWB00013673,13673
PWB00013674,13674
PWB00013675,13675
PWB00013676,13676
PWB00013677,13677
PWB00013678,13678
PWB00013679,13679
PWB00013680,13680
PWB00013681,13681
PWB00013682,13682
PWB00013683,13683
PWB00013684,13684
PWB00013685,13685
PWB00013686,13686
PWB00013687,13687
PWB00013688,13688
PWB00013689,13689
PWB00013690,13690
PWB00013691,13691
PWB00013692,13692
PWB00013693,13693
PWB00013694,13694
PWB00013695,13695
PWB00013696,13696
PWB00013697,13697
PWB00013698,13698
PWB00013699,13699
PWB00013700,13700
PWB00013701,13701
PWB00013702,13702
PWB00013703,13703
PWB00013704,13704
PWB00013705,13705
PWB00013706,13706
PWB00013707,13707
PWB00013708,13708
PWB00013709,13709
PWB00013710,13710
PWB00013711,13711
PWB00013712,13712
PWB00013713,13713
PWB00013714,13714
PWB00013715,13715
PWB00013716,13716
PWB00013717,13717
PWB00013718,13718
PWB00013719,13719
PWB00013720,13720
PWB00013721,13721
PWB00013722,13722
PWB00013723,13723
PWB00013724,13724
PWB00013725,13725
PWB00013726,13726
PWB00013727,13727
PWB00013728,13728
PWB00013729,13729
PWB00013730,13730
PWB00013731,13731
PWB00013732,13732
PWB00013733,13733
PWB00013734,13734
PWB00013735,13735
PWB00013736,13736
PWB00013737,13737
PWB00013738,13738
PWB00013739,13739
PWB00013740,13740
PWB00013741,13741
PWB00013742,13742
PWB00013743,13743
PWB00013744,13744
PWB00013745,13745
PWB00013746,13746
PWB00013747,13747
PWB00013748,13748
PWB00013749,13749
PWB00013750,13750
PWB00013751,13751
PWB00013752,13752
PWB00013753,13753
PWB00013754,13754
PWB00013755,13755
PWB00013756,13756
PWB00013757,13757
PWB00013758,13758
PWB00013759,13759
PWB00013760,13760
PWB00013761,13761
PWB00013762,13762
PWB00013763,13763
PWB00013764,13764
PWB00013765,13765
PWB00013766,13766
PWB00013767,13767
PWB00013768,13768
PWB00013769,13769
PWB00013770,13770
PWB00013771,13771
PWB00013772,13772
PWB00013773,13773
PWB00013774,13774
PWB00013775,13775
PWB00013776,13776
PWB00013777,13777
PWB00013778,13778
PWB00013779,13779
PWB00013780,13780
PWB00013781,13781
PWB00013782,13782
PWB00013783,13783
PWB00013784,13784
PWB00013785,13785
PWB00013786,13786
PWB00013787,13787
PWB00013788,13788
PWB00013789,13789
PWB00013790,13790
PWB00013791,13791
PWB00013792,13792
PWB00013793,13793
PWB00013794,13794
PWB00013795,13795
PWB00013796,13796
PWB00013797,13797
PWB00013798,13798
PWB00013799,13799
PWB00013800,13800
PWB00013801,13801
PWB00013802,13802
PWB00013803,13803
PWB00013804,13804
PWB00013805,13805
PWB00013806,13806
PWB00013807,13807
PWB00013808,13808
PWB00013809,13809
PWB00013810,13810
PWB00013811,13811
PWB00013812,13812
PWB00013813,13813
PWB00013814,13814
PWB00013815,13815
PWB00013816,13816
PWB00013817,13817
PWB00013818,13818
PWB00013819,13819
PWB00013820,13820
PWB00013821,13821
PWB00013822,13822
PWB00013823,13823
PWB00013824,13824
PWB00013825,13825
PWB00013826,13826
PWB00013827,13827
PWB00013828,13828
PWB00013829,13829
PWB00013830,13830
PWB00013831,13831
PWB00013832,13832
PWB00013833,13833
PWB00013834,13834
PWB00013835,13835
PWB00013836,13836
PWB00013837,13837
PWB00013838,13838
PWB00013839,13839
PWB00013840,13840
PWB00013841,13841
PWB00013842,13842
PWB00013843,13843
PWB00013844,13844
PWB00013845,13845
PWB00013846,13846
PWB00013847,13847
PWB00013848,13848
PWB00013849,13849
PWB00013850,13850
PWB00013851,13851
PWB00013852,13852
PWB00013853,13853
PWB00013854,13854
PWB00013855,13855
PWB00013856,13856
PWB00013857,13857
PWB00013858,13858
PWB00013859,13859
PWB00013860,13860
PWB00013861,13861
PWB00013862,13862
PWB00013863,13863
PWB00013864,13864
PWB00013865,13865
PWB00013866,13866
PWB00013867,13867
PWB00013868,13868
PWB00013869,13869
PWB00013870,13870
PWB00013871,13871
PWB00013872,13872
PWB00013873,13873
PWB00013874,13874
PWB00013875,13875
PWB00013876,13876
PWB00013877,13877
PWB00013878,13878
PWB00013879,13879
PWB00013880,13880
PWB00013881,13881
PWB00013882,13882
PWB00013883,13883
PWB00013884,13884
PWB00013885,13885
PWB00013886,13886
PWB00013887,13887
PWB00013888,13888
PWB00013889,13889
PWB00013890,13890
PWB00013891,13891
PWB00013892,13892
PWB00013893,13893
PWB00013894,13894
PWB00013895,13895
PWB00013896,13896
PWB00013897,13897
PWB00013898,13898
PWB00013899,13899
PWB00013900,13900
PWB00013901,13901
PWB00013902,13902
PWB00013903,13903
PWB00013904,13904
PWB00013905,13905
PWB00013906,13906
PWB00013907,13907
PWB00013908,13908
PWB00013909,13909
PWB00013910,13910
PWB00013911,13911
PWB00013912,13912
PWB00013913,13913
PWB00013914,13914
PWB00013915,13915
PWB00013916,13916
PWB00013917,13917
PWB00013918,13918
PWB00013919,13919
PWB00013920,13920
PWB00013921,13921
PWB00013922,13922
PWB00013923,13923
PWB00013924,13924
PWB00013925,13925
PWB00013926,13926
PWB00013927,13927
PWB00013928,13928
PWB00013929,13929
PWB00013930,13930
PWB00013931,13931
PWB00013932,13932
PWB00013933,13933
PWB00013934,13934
PWB00013935,13935
PWB00013936,13936
PWB00013937,13937
PWB00013938,13938
PWB00013939,13939
PWB00013940,13940
PWB00013941,13941
PWB00013942,13942
PWB00013943,13943
PWB00013944,13944
PWB00013945,13945
PWB00013946,13946
PWB00013947,13947
PWB00013948,13948
PWB00013949,13949
PWB00013950,13950
PWB00013951,13951
PWB00013952,13952
PWB00013953,13953
PWB00013954,13954
PWB00013955,13955
PWB00013956,13956
PWB00013957,13957
PWB00013958,13958
PWB00013959,13959
PWB00013960,13960
PWB00013961,13961
PWB00013962,13962
PWB00013963,13963
PWB00013964,13964
PWB00013965,13965
PWB00013966,13966
PWB00013967,13967
PWB00013968,13968
PWB00013969,13969
PWB00013970,13970
PWB00013971,13971
PWB00013972,13972
PWB00013973,13973
PWB00013974,13974
PWB00013975,13975
PWB00013976,13976
PWB00013977,13977
PWB00013978,13978
PWB00013979,13979
PWB00013980,13980
PWB00013981,13981
PWB00013982,13982
PWB00013983,13983
PWB00013984,13984
PWB00013985,13985
PWB00013986,13986
PWB00013987,13987
PWB00013988,13988
PWB00013989,13989
PWB00013990,13990
PWB00013991,13991
PWB00013992,13992
PWB00013993,13993
PWB00013994,13994
PWB00013995,13995
PWB00013996,13996
PWB00013997,13997
PWB00013998,13998
PWB00013999,13999
PWB00014000,14000
PWB00014001,14001
PWB00014002,14002
PWB00014003,14003
PWB00014004,14004
PWB00014005,14005
PWB00014006,14006
PWB00014007,14007
PWB00014008,14008
PWB00014009,14009
PWB00014010,14010
PWB00014011,14011
PWB00014012,14012
PWB00014013,14013
PWB00014014,14014
PWB00014015,14015
PWB00014016,14016
PWB00014017,14017
PWB00014018,14018
PWB00014019,14019
PWB00014020,14020
PWB00014021,14021
PWB00014022,14022
PWB00014023,14023
PWB00014024,14024
PWB00014025,14025
PWB00014026,14026
PWB00014027,14027
PWB00014028,14028
PWB00014029,14029
PWB00014030,14030
PWB00014031,14031
PWB00014032,14032
PWB00014033,14033
PWB00014034,14034
PWB00014035,14035
PWB00014036,14036
PWB00014037,14037
PWB00014038,14038
PWB00014039,14039
PWB00014040,14040
PWB00014041,14041
PWB00014042,14042
PWB00014043,14043
PWB00014044,14044
PWB00014045,14045
PWB00014046,14046
PWB00014047,14047
PWB00014048,14048
PWB00014049,14049
PWB00014050,14050
PWB00014051,14051
PWB00014052,14052
PWB00014053,14053
PWB00014054,14054
PWB00014055,14055
PWB00014056,14056
PWB00014057,14057
PWB00014058,14058
PWB00014059,14059
PWB00014060,14060
PWB00014061,14061
PWB00014062,14062
PWB00014063,14063
PWB00014064,14064
PWB00014065,14065
PWB00014066,14066
PWB00014067,14067
PWB00014068,14068
PWB00014069,14069
PWB00014070,14070
PWB00014071,14071
PWB00014072,14072
PWB00014073,14073
PWB00014074,14074
PWB00014075,14075
PWB00014076,14076
PWB00014077,14077
PWB00014078,14078
PWB00014079,14079
PWB00014080,14080
PWB00014081,14081
PWB00014082,14082
PWB00014083,14083
PWB00014084,14084
PWB00014085,14085
PWB00014086,14086
PWB00014087,14087
PWB00014088,14088
PWB00014089,14089
PWB00014090,14090
PWB00014091,14091
PWB00014092,14092
PWB00014093,14093
PWB00014094,14094
PWB00014095,14095
PWB00014096,14096
PWB00014097,14097
PWB00014098,14098
PWB00014099,14099
PWB00014100,14100
PWB00014101,14101
PWB00014102,14102
PWB00014103,14103
PWB00014104,14104
PWB00014105,14105
PWB00014106,14106
PWB00014107,14107
PWB00014108,14108
PWB00014109,14109
PWB00014110,14110
PWB00014111,14111
PWB00014112,14112
PWB00014113,14113
PWB00014114,14114
PWB00014115,14115
PWB00014116,14116
PWB00014117,14117
PWB00014118,14118
PWB00014119,14119
PWB00014120,14120
PWB00014121,14121
PWB00014122,14122
PWB00014123,14123
PWB00014124,14124
PWB00014125,14125
PWB00014126,14126
PWB00014127,14127
PWB00014128,14128
PWB00014129,14129
PWB00014130,14130
PWB00014131,14131
PWB00014132,14132
PWB00014133,14133
PWB00014134,14134
PWB00014135,14135
PWB00014136,14136
PWB00014137,14137
PWB00014138,14138
PWB00014139,14139
PWB00014140,14140
PWB00014141,14141
PWB00014142,14142
PWB00014143,14143
PWB00014144,14144
PWB00014145,14145
PWB00014146,14146
PWB00014147,14147
PWB00014148,14148
PWB00014149,14149
PWB00014150,14150
PWB00014151,14151
PWB00014152,14152
PWB00014153,14153
PWB00014154,14154
PWB00014155,14155
PWB00014156,14156
PWB00014157,14157
PWB00014158,14158
PWB00014159,14159
PWB00014160,14160
PWB00014161,14161
PWB00014162,14162
PWB00014163,14163
PWB00014164,14164
PWB00014165,14165
PWB00014166,14166
PWB00014167,14167
PWB00014168,14168
PWB00014169,14169
PWB00014170,14170
PWB00014171,14171
PWB00014172,14172
PWB00014173,14173
PWB00014174,14174
PWB00014175,14175
PWB00014176,14176
PWB00014177,14177
PWB00014178,14178
PWB00014179,14179
PWB00014180,14180
PWB00014181,14181
PWB00014182,14182
PWB00014183,14183
PWB00014184,14184
PWB00014185,14185
PWB00014186,14186
PWB00014187,14187
PWB00014188,14188
PWB00014189,14189
PWB00014190,14190
PWB00014191,14191
PWB00014192,14192
PWB00014193,14193
PWB00014194,14194
PWB00014195,14195
PWB00014196,14196
PWB00014197,14197
PWB00014198,14198
PWB00014199,14199
PWB00014200,14200
PWB00014201,14201
PWB00014202,14202
PWB00014203,14203
PWB00014204,14204
PWB00014205,14205
PWB00014206,14206
PWB00014207,14207
PWB00014208,14208
PWB00014209,14209
PWB00014210,14210
PWB00014211,14211
PWB00014212,14212
PWB00014213,14213
PWB00014214,14214
PWB00014215,14215
PWB00014216,14216
PWB00014217,14217
PWB00014218,14218
PWB00014219,14219
PWB00014220,14220
PWB00014221,14221
PWB00014222,14222
PWB00014223,14223
PWB00014224,14224
PWB00014225,14225
PWB00014226,14226
PWB00014227,14227
PWB00014228,14228
PWB00014229,14229
PWB00014230,14230
PWB00014231,14231
PWB00014232,14232
PWB00014233,14233
PWB00014234,14234
PWB00014235,14235
PWB00014236,14236
PWB00014237,14237
PWB00014238,14238
PWB00014239,14239
PWB00014240,14240
PWB00014241,14241
PWB00014242,14242
PWB00014243,14243
PWB00014244,14244
PWB00014245,14245
PWB00014246,14246
PWB00014247,14247
PWB00014248,14248
PWB00014249,14249
PWB00014250,14250
PWB00014251,14251
PWB00014252,14252
PWB00014253,14253
PWB00014254,14254
PWB00014255,14255
PWB00014256,14256
PWB00014257,14257
PWB00014258,14258
PWB00014259,14259
PWB00014260,14260
PWB00014261,14261
PWB00014262,14262
PWB00014263,14263
PWB00014264,14264
PWB00014265,14265
PWB00014266,14266
PWB00014267,14267
PWB00014268,14268
PWB00014269,14269
PWB00014270,14270
PWB00014271,14271
PWB00014272,14272
PWB00014273,14273
PWB00014274,14274
PWB00014275,14275
PWB00014276,14276
PWB00014277,14277
PWB00014278,14278
PWB00014279,14279
PWB00014280,14280
PWB00014281,14281
PWB00014282,14282
PWB00014283,14283
PWB00014284,14284
PWB00014285,14285
PWB00014286,14286
PWB00014287,14287
PWB00014288,14288
PWB00014289,14289
PWB00014290,14290
PWB00014291,14291
PWB00014292,14292
PWB00014293,14293
PWB00014294,14294
PWB00014295,14295
PWB00014296,14296
PWB00014297,14297
PWB00014298,14298
PWB00014299,14299
PWB00014300,14300
PWB00014301,14301
PWB00014302,14302
PWB00014303,14303
PWB00014304,14304
PWB00014305,14305
PWB00014306,14306
PWB00014307,14307
PWB00014308,14308
PWB00014309,14309
PWB00014310,14310
PWB00014311,14311
PWB00014312,14312
PWB00014313,14313
PWB00014314,14314
PWB00014315,14315
PWB00014316,14316
PWB00014317,14317
PWB00014318,14318
PWB00014319,14319
PWB00014320,14320
PWB00014321,14321
PWB00014322,14322
PWB00014323,14323
PWB00014324,14324
PWB00014325,14325
PWB00014326,14326
PWB00014327,14327
PWB00014328,14328
PWB00014329,14329
PWB00014330,14330
PWB00014331,14331
PWB00014332,14332
PWB00014333,14333
PWB00014334,14334
PWB00014335,14335
PWB00014336,14336
PWB00014337,14337
PWB00014338,14338
PWB00014339,14339
PWB00014340,14340
PWB00014341,14341
PWB00014342,14342
PWB00014343,14343
PWB00014344,14344
PWB00014345,14345
PWB00014346,14346
PWB00014347,14347
PWB00014348,14348
PWB00014349,14349
PWB00014350,14350
PWB00014351,14351
PWB00014352,14352
PWB00014353,14353
PWB00014354,14354
PWB00014355,14355
PWB00014356,14356
PWB00014357,14357
PWB00014358,14358
PWB00014359,14359
PWB00014360,14360
PWB00014361,14361
PWB00014362,14362
PWB00014363,14363
PWB00014364,14364
PWB00014365,14365
PWB00014366,14366
PWB00014367,14367
PWB00014368,14368
PWB00014369,14369
PWB00014370,14370
PWB00014371,14371
PWB00014372,14372
PWB00014373,14373
PWB00014374,14374
PWB00014375,14375
PWB00014376,14376
PWB00014377,14377
PWB00014378,14378
PWB00014379,14379
PWB00014380,14380
PWB00014381,14381
PWB00014382,14382
PWB00014383,14383
PWB00014384,14384
PWB00014385,14385
PWB00014386,14386
PWB00014387,14387
PWB00014388,14388
PWB00014389,14389
PWB00014390,14390
PWB00014391,14391
PWB00014392,14392
PWB00014393,14393
PWB00014394,14394
PWB00014395,14395
PWB00014396,14396
PWB00014397,14397
PWB00014398,14398
PWB00014399,14399
PWB00014400,14400
PWB00014401,14401
PWB00014402,14402
PWB00014403,14403
PWB00014404,14404
PWB00014405,14405
PWB00014406,14406
PWB00014407,14407
PWB00014408,14408
PWB00014409,14409
PWB00014410,14410
PWB00014411,14411
PWB00014412,14412
PWB00014413,14413
PWB00014414,14414
PWB00014415,14415
PWB00014416,14416
PWB00014417,14417
PWB00014418,14418
PWB00014419,14419
PWB00014420,14420
PWB00014421,14421
PWB00014422,14422
PWB00014423,14423
PWB00014424,14424
PWB00014425,14425
PWB00014426,14426
PWB00014427,14427
PWB00014428,14428
PWB00014429,14429
PWB00014430,14430
PWB00014431,14431
PWB00014432,14432
PWB00014433,14433
PWB00014434,14434
PWB00014435,14435
PWB00014436,14436
PWB00014437,14437
PWB00014438,14438
PWB00014439,14439
PWB00014440,14440
PWB00014441,14441
PWB00014442,14442
PWB00014443,14443
PWB00014444,14444
PWB00014445,14445
PWB00014446,14446
PWB00014447,14447
PWB00014448,14448
PWB00014449,14449
PWB00014450,14450
PWB00014451,14451
PWB00014452,14452
PWB00014453,14453
PWB00014454,14454
PWB00014455,14455
PWB00014456,14456
PWB00014457,14457
PWB00014458,14458
PWB00014459,14459
PWB00014460,14460
PWB00014461,14461
PWB00014462,14462
PWB00014463,14463
PWB00014464,14464
PWB00014465,14465
PWB00014466,14466
PWB00014467,14467
PWB00014468,14468
PWB00014469,14469
PWB00014470,14470
PWB00014471,14471
PWB00014472,14472
PWB00014473,14473
PWB00014474,14474
PWB00014475,14475
PWB00014476,14476
PWB00014477,14477
PWB00014478,14478
PWB00014479,14479
PWB00014480,14480
PWB00014481,14481
PWB00014482,14482
PWB00014483,14483
PWB00014484,14484
PWB00014485,14485
PWB00014486,14486
PWB00014487,14487
PWB00014488,14488
PWB00014489,14489
PWB00014490,14490
PWB00014491,14491
PWB00014492,14492
PWB00014493,14493
PWB00014494,14494
PWB00014495,14495
PWB00014496,14496
PWB00014497,14497
PWB00014498,14498
PWB00014499,14499
PWB00014500,14500
PWB00014501,14501
PWB00014502,14502
PWB00014503,14503
PWB00014504,14504
PWB00014505,14505
PWB00014506,14506
PWB00014507,14507
PWB00014508,14508
PWB00014509,14509
PWB00014510,14510
PWB00014511,14511
PWB00014512,14512
PWB00014513,14513
PWB00014514,14514
PWB00014515,14515
PWB00014516,14516
PWB00014517,14517
PWB00014518,14518
PWB00014519,14519
PWB00014520,14520
PWB00014521,14521
PWB00014522,14522
PWB00014523,14523
PWB00014524,14524
PWB00014525,14525
PWB00014526,14526
PWB00014527,14527
PWB00014528,14528
PWB00014529,14529
PWB00014530,14530
PWB00014531,14531
PWB00014532,14532
PWB00014533,14533
PWB00014534,14534
PWB00014535,14535
PWB00014536,14536
PWB00014537,14537
PWB00014538,14538
PWB00014539,14539
PWB00014540,14540
PWB00014541,14541
PWB00014542,14542
PWB00014543,14543
PWB00014544,14544
PWB00014545,14545
PWB00014546,14546
PWB00014547,14547
PWB00014548,14548
PWB00014549,14549
PWB00014550,14550
PWB00014551,14551
PWB00014552,14552
PWB00014553,14553
PWB00014554,14554
PWB00014555,14555
PWB00014556,14556
PWB00014557,14557
PWB00014558,14558
PWB00014559,14559
PWB00014560,14560
PWB00014561,14561
PWB00014562,14562
PWB00014563,14563
PWB00014564,14564
PWB00014565,14565
PWB00014566,14566
PWB00014567,14567
PWB00014568,14568
PWB00014569,14569
PWB00014570,14570
PWB00014571,14571
PWB00014572,14572
PWB00014573,14573
PWB00014574,14574
PWB00014575,14575
PWB00014576,14576
PWB00014577,14577
PWB00014578,14578
PWB00014579,14579
PWB00014580,14580
PWB00014581,14581
PWB00014582,14582
PWB00014583,14583
PWB00014584,14584
PWB00014585,14585
PWB00014586,14586
PWB00014587,14587
PWB00014588,14588
PWB00014589,14589
PWB00014590,14590
PWB00014591,14591
PWB00014592,14592
PWB00014593,14593
PWB00014594,14594
PWB00014595,14595
PWB00014596,14596
PWB00014597,14597
PWB00014598,14598
PWB00014599,14599
PWB00014600,14600
PWB00014601,14601
PWB00014602,14602
PWB00014603,14603
PWB00014604,14604
PWB00014605,14605
PWB00014606,14606
PWB00014607,14607
PWB00014608,14608
PWB00014609,14609
PWB00014610,14610
PWB00014611,14611
PWB00014612,14612
PWB00014613,14613
PWB00014614,14614
PWB00014615,14615
PWB00014616,14616
PWB00014617,14617
PWB00014618,14618
PWB00014619,14619
PWB00014620,14620
PWB00014621,14621
PWB00014622,14622
PWB00014623,14623
PWB00014624,14624
PWB00014625,14625
PWB00014626,14626
PWB00014627,14627
PWB00014628,14628
PWB00014629,14629
PWB00014630,14630
PWB00014631,14631
PWB00014632,14632
PWB00014633,14633
PWB00014634,14634
PWB00014635,14635
PWB00014636,14636
PWB00014637,14637
PWB00014638,14638
PWB00014639,14639
PWB00014640,14640
PWB00014641,14641
PWB00014642,14642
PWB00014643,14643
PWB00014644,14644
PWB00014645,14645
PWB00014646,14646
PWB00014647,14647
PWB00014648,14648
PWB00014649,14649
PWB00014650,14650
PWB00014651,14651
PWB00014652,14652
PWB00014653,14653
PWB00014654,14654
PWB00014655,14655
PWB00014656,14656
PWB00014657,14657
PWB00014658,14658
PWB00014659,14659
PWB00014660,14660
PWB00014661,14661
PWB00014662,14662
PWB00014663,14663
PWB00014664,14664
PWB00014665,14665
PWB00014666,14666
PWB00014667,14667
PWB00014668,14668
PWB00014669,14669
PWB00014670,14670
PWB00014671,14671
PWB00014672,14672
PWB00014673,14673
PWB00014674,14674
PWB00014675,14675
PWB00014676,14676
PWB00014677,14677
PWB00014678,14678
PWB00014679,14679
PWB00014680,14680
PWB00014681,14681
PWB00014682,14682
PWB00014683,14683
PWB00014684,14684
PWB00014685,14685
PWB00014686,14686
PWB00014687,14687
PWB00014688,14688
PWB00014689,14689
PWB00014690,14690
PWB00014691,14691
PWB00014692,14692
PWB00014693,14693
PWB00014694,14694
PWB00014695,14695
PWB00014696,14696
PWB00014697,14697
PWB00014698,14698
PWB00014699,14699
PWB00014700,14700
PWB00014701,14701
PWB00014702,14702
PWB00014703,14703
PWB00014704,14704
PWB00014705,14705
PWB00014706,14706
PWB00014707,14707
PWB00014708,14708
PWB00014709,14709
PWB00014710,14710
PWB00014711,14711
PWB00014712,14712
PWB00014713,14713
PWB00014714,14714
PWB00014715,14715
PWB00014716,14716
PWB00014717,14717
PWB00014718,14718
PWB00014719,14719
PWB00014720,14720
PWB00014721,14721
PWB00014722,14722
PWB00014723,14723
PWB00014724,14724
PWB00014725,14725
PWB00014726,14726
PWB00014727,14727
PWB00014728,14728
PWB00014729,14729
PWB00014730,14730
PWB00014731,14731
PWB00014732,14732
PWB00014733,14733
PWB00014734,14734
PWB00014735,14735
PWB00014736,14736
PWB00014737,14737
PWB00014738,14738
PWB00014739,14739
PWB00014740,14740
PWB00014741,14741
PWB00014742,14742
PWB00014743,14743
PWB00014744,14744
PWB00014745,14745
PWB00014746,14746
PWB00014747,14747
PWB00014748,14748
PWB00014749,14749
PWB00014750,14750
PWB00014751,14751
PWB00014752,14752
PWB00014753,14753
PWB00014754,14754
PWB00014755,14755
PWB00014756,14756
PWB00014757,14757
PWB00014758,14758
PWB00014759,14759
PWB00014760,14760
PWB00014761,14761
PWB00014762,14762
PWB00014763,14763
PWB00014764,14764
PWB00014765,14765
PWB00014766,14766
PWB00014767,14767
PWB00014768,14768
PWB00014769,14769
PWB00014770,14770
PWB00014771,14771
PWB00014772,14772
PWB00014773,14773
PWB00014774,14774
PWB00014775,14775
PWB00014776,14776
PWB00014777,14777
PWB00014778,14778
PWB00014779,14779
PWB00014780,14780
PWB00014781,14781
PWB00014782,14782
PWB00014783,14783
PWB00014784,14784
PWB00014785,14785
PWB00014786,14786
PWB00014787,14787
PWB00014788,14788
PWB00014789,14789
PWB00014790,14790
PWB00014791,14791
PWB00014792,14792
PWB00014793,14793
PWB00014794,14794
PWB00014795,14795
PWB00014796,14796
PWB00014797,14797
PWB00014798,14798
PWB00014799,14799
PWB00014800,14800
PWB00014801,14801
PWB00014802,14802
PWB00014803,14803
PWB00014804,14804
PWB00014805,14805
PWB00014806,14806
PWB00014807,14807
PWB00014808,14808
PWB00014809,14809
PWB00014810,14810
PWB00014811,14811
PWB00014812,14812
PWB00014813,14813
PWB00014814,14814
PWB00014815,14815
PWB00014816,14816
PWB00014817,14817
PWB00014818,14818
PWB00014819,14819
PWB00014820,14820
PWB00014821,14821
PWB00014822,14822
PWB00014823,14823
PWB00014824,14824
PWB00014825,14825
PWB00014826,14826
PWB00014827,14827
PWB00014828,14828
PWB00014829,14829
PWB00014830,14830
PWB00014831,14831
PWB00014832,14832
PWB00014833,14833
PWB00014834,14834
PWB00014835,14835
PWB00014836,14836
PWB00014837,14837
PWB00014838,14838
PWB00014839,14839
PWB00014840,14840
PWB00014841,14841
PWB00014842,14842
PWB00014843,14843
PWB00014844,14844
PWB00014845,14845
PWB00014846,14846
PWB00014847,14847
PWB00014848,14848
PWB00014849,14849
PWB00014850,14850
PWB00014851,14851
PWB00014852,14852
PWB00014853,14853
PWB00014854,14854
PWB00014855,14855
PWB00014856,14856
PWB00014857,14857
PWB00014858,14858
PWB00014859,14859
PWB00014860,14860
PWB00014861,14861
PWB00014862,14862
PWB00014863,14863
PWB00014864,14864
PWB00014865,14865
PWB00014866,14866
PWB00014867,14867
PWB00014868,14868
PWB00014869,14869
PWB00014870,14870
PWB00014871,14871
PWB00014872,14872
PWB00014873,14873
PWB00014874,14874
PWB00014875,14875
PWB00014876,14876
PWB00014877,14877
PWB00014878,14878
PWB00014879,14879
PWB00014880,14880
PWB00014881,14881
PWB00014882,14882
PWB00014883,14883
PWB00014884,14884
PWB00014885,14885
PWB00014886,14886
PWB00014887,14887
PWB00014888,14888
PWB00014889,14889
PWB00014890,14890
PWB00014891,14891
PWB00014892,14892
PWB00014893,14893
PWB00014894,14894
PWB00014895,14895
PWB00014896,14896
PWB00014897,14897
PWB00014898,14898
PWB00014899,14899
PWB00014900,14900
PWB00014901,14901
PWB00014902,14902
PWB00014903,14903
PWB00014904,14904
PWB00014905,14905
PWB00014906,14906
PWB00014907,14907
PWB00014908,14908
PWB00014909,14909
PWB00014910,14910
PWB00014911,14911
PWB00014912,14912
PWB00014913,14913
PWB00014914,14914
PWB00014915,14915
PWB00014916,14916
PWB00014917,14917
PWB00014918,14918
PWB00014919,14919
PWB00014920,14920
PWB00014921,14921
PWB00014922,14922
PWB00014923,14923
PWB00014924,14924
PWB00014925,14925
PWB00014926,14926
PWB00014927,14927
PWB00014928,14928
PWB00014929,14929
PWB00014930,14930
PWB00014931,14931
PWB00014932,14932
PWB00014933,14933
PWB00014934,14934
PWB00014935,14935
PWB00014936,14936
PWB00014937,14937
PWB00014938,14938
PWB00014939,14939
PWB00014940,14940
PWB00014941,14941
PWB00014942,14942
PWB00014943,14943
PWB00014944,14944
PWB00014945,14945
PWB00014946,14946
PWB00014947,14947
PWB00014948,14948
PWB00014949,14949
PWB00014950,14950
PWB00014951,14951
PWB00014952,14952
PWB00014953,14953
PWB00014954,14954
PWB00014955,14955
PWB00014956,14956
PWB00014957,14957
PWB00014958,14958
PWB00014959,14959
PWB00014960,14960
PWB00014961,14961
PWB00014962,14962
PWB00014963,14963
PWB00014964,14964
PWB00014965,14965
PWB00014966,14966
PWB00014967,14967
PWB00014968,14968
PWB00014969,14969
PWB00014970,14970
PWB00014971,14971
PWB00014972,14972
PWB00014973,14973
PWB00014974,14974
PWB00014975,14975
PWB00014976,14976
PWB00014977,14977
PWB00014978,14978
PWB00014979,14979
PWB00014980,14980
PWB00014981,14981
PWB00014982,14982
PWB00014983,14983
PWB00014984,14984
PWB00014985,14985
PWB00014986,14986
PWB00014987,14987
PWB00014988,14988
PWB00014989,14989
PWB00014990,14990
PWB00014991,14991
PWB00014992,14992
PWB00014993,14993
PWB00014994,14994
PWB00014995,14995
PWB00014996,14996
PWB00014997,14997
PWB00014998,14998
PWB00014999,14999
PWB00015000,15000
